1,1,0.0055248618784530384,Agent@0,(Offer  bid:Bid[Food: Chips and Nuts, Drinks: Beer Only, Location: Party Room, Invitations: Custom, Handmade, Music: DJ, Cleanup: Specialized Materials, ])
1,2,0.0055248618784530384,Caduceus@1,(Offer  bid:Bid[Food: Catering, Drinks: Handmade Cocktails, Location: Party Room, Invitations: Custom, Printed, Music: MP3, Cleanup: Water and Soap, ])
1,3,0.0055248618784530384,ParsCat@2,(Offer  bid:Bid[Food: Chips and Nuts, Drinks: Non-Alcoholic, Location: Party Tent, Invitations: Plain, Music: Band, Cleanup: Hired Help, ])
2,1,0.011049723756906077,Agent@0,(Offer  bid:Bid[Food: Chips and Nuts, Drinks: Beer Only, Location: Party Room, Invitations: Custom, Handmade, Music: DJ, Cleanup: Specialized Materials, ])
2,2,0.011049723756906077,Caduceus@1,(Offer  bid:Bid[Food: Catering, Drinks: Handmade Cocktails, Location: Party Room, Invitations: Custom, Printed, Music: MP3, Cleanup: Water and Soap, ])
2,3,0.011049723756906077,ParsCat@2,(Offer  bid:Bid[Food: Chips and Nuts, Drinks: Non-Alcoholic, Location: Party Tent, Invitations: Custom, Printed, Music: Band, Cleanup: Hired Help, ])
3,1,0.016574585635359115,Agent@0,(Offer  bid:Bid[Food: Chips and Nuts, Drinks: Beer Only, Location: Party Room, Invitations: Custom, Handmade, Music: DJ, Cleanup: Specialized Materials, ])
3,2,0.016574585635359115,Caduceus@1,(Offer  bid:Bid[Food: Catering, Drinks: Handmade Cocktails, Location: Party Room, Invitations: Custom, Printed, Music: MP3, Cleanup: Water and Soap, ])
3,3,0.016574585635359115,ParsCat@2,(Offer  bid:Bid[Food: Chips and Nuts, Drinks: Non-Alcoholic, Location: Party Tent, Invitations: Photo, Music: Band, Cleanup: Hired Help, ])
4,1,0.022099447513812154,Agent@0,(Offer  bid:Bid[Food: Chips and Nuts, Drinks: Beer Only, Location: Party Room, Invitations: Custom, Handmade, Music: DJ, Cleanup: Specialized Materials, ])
4,2,0.022099447513812154,Caduceus@1,(Offer  bid:Bid[Food: Catering, Drinks: Handmade Cocktails, Location: Party Room, Invitations: Custom, Printed, Music: MP3, Cleanup: Water and Soap, ])
4,3,0.022099447513812154,ParsCat@2,(Offer  bid:Bid[Food: Chips and Nuts, Drinks: Non-Alcoholic, Location: Party Tent, Invitations: Custom, Printed, Music: Band, Cleanup: Hired Help, ])
5,1,0.027624309392265192,Agent@0,(Offer  bid:Bid[Food: Chips and Nuts, Drinks: Beer Only, Location: Party Room, Invitations: Custom, Handmade, Music: DJ, Cleanup: Specialized Materials, ])
5,2,0.027624309392265192,Caduceus@1,(Offer  bid:Bid[Food: Catering, Drinks: Handmade Cocktails, Location: Party Room, Invitations: Custom, Printed, Music: MP3, Cleanup: Water and Soap, ])
5,3,0.027624309392265192,ParsCat@2,(Offer  bid:Bid[Food: Chips and Nuts, Drinks: Non-Alcoholic, Location: Party Tent, Invitations: Custom, Printed, Music: Band, Cleanup: Hired Help, ])
6,1,0.03314917127071823,Agent@0,(Offer  bid:Bid[Food: Chips and Nuts, Drinks: Beer Only, Location: Party Room, Invitations: Custom, Handmade, Music: DJ, Cleanup: Specialized Materials, ])
6,2,0.03314917127071823,Caduceus@1,(Offer  bid:Bid[Food: Catering, Drinks: Handmade Cocktails, Location: Party Room, Invitations: Custom, Printed, Music: MP3, Cleanup: Water and Soap, ])
6,3,0.03314917127071823,ParsCat@2,(Offer  bid:Bid[Food: Chips and Nuts, Drinks: Non-Alcoholic, Location: Party Tent, Invitations: Custom, Handmade, Music: Band, Cleanup: Hired Help, ])
7,1,0.03867403314917127,Agent@0,(Offer  bid:Bid[Food: Chips and Nuts, Drinks: Beer Only, Location: Party Room, Invitations: Custom, Handmade, Music: DJ, Cleanup: Specialized Materials, ])
7,2,0.03867403314917127,Caduceus@1,(Offer  bid:Bid[Food: Catering, Drinks: Handmade Cocktails, Location: Party Room, Invitations: Custom, Printed, Music: MP3, Cleanup: Water and Soap, ])
7,3,0.03867403314917127,ParsCat@2,(Offer  bid:Bid[Food: Chips and Nuts, Drinks: Non-Alcoholic, Location: Party Tent, Invitations: Plain, Music: Band, Cleanup: Hired Help, ])
8,1,0.04419889502762431,Agent@0,(Offer  bid:Bid[Food: Chips and Nuts, Drinks: Beer Only, Location: Party Room, Invitations: Custom, Handmade, Music: DJ, Cleanup: Specialized Materials, ])
8,2,0.04419889502762431,Caduceus@1,(Offer  bid:Bid[Food: Catering, Drinks: Handmade Cocktails, Location: Party Room, Invitations: Custom, Printed, Music: MP3, Cleanup: Water and Soap, ])
8,3,0.04419889502762431,ParsCat@2,(Offer  bid:Bid[Food: Chips and Nuts, Drinks: Non-Alcoholic, Location: Ballroom, Invitations: Plain, Music: Band, Cleanup: Hired Help, ])
9,1,0.049723756906077346,Agent@0,(Offer  bid:Bid[Food: Chips and Nuts, Drinks: Beer Only, Location: Party Room, Invitations: Custom, Handmade, Music: DJ, Cleanup: Specialized Materials, ])
9,2,0.049723756906077346,Caduceus@1,(Offer  bid:Bid[Food: Catering, Drinks: Handmade Cocktails, Location: Party Room, Invitations: Custom, Printed, Music: MP3, Cleanup: Water and Soap, ])
9,3,0.049723756906077346,ParsCat@2,(Offer  bid:Bid[Food: Chips and Nuts, Drinks: Non-Alcoholic, Location: Ballroom, Invitations: Plain, Music: Band, Cleanup: Hired Help, ])
10,1,0.055248618784530384,Agent@0,(Offer  bid:Bid[Food: Chips and Nuts, Drinks: Beer Only, Location: Party Room, Invitations: Custom, Handmade, Music: DJ, Cleanup: Specialized Materials, ])
10,2,0.055248618784530384,Caduceus@1,(Offer  bid:Bid[Food: Catering, Drinks: Handmade Cocktails, Location: Party Room, Invitations: Custom, Printed, Music: MP3, Cleanup: Water and Soap, ])
10,3,0.055248618784530384,ParsCat@2,(Offer  bid:Bid[Food: Chips and Nuts, Drinks: Non-Alcoholic, Location: Party Tent, Invitations: Custom, Printed, Music: Band, Cleanup: Hired Help, ])
11,1,0.06077348066298342,Agent@0,(Offer  bid:Bid[Food: Chips and Nuts, Drinks: Beer Only, Location: Party Room, Invitations: Custom, Handmade, Music: DJ, Cleanup: Specialized Materials, ])
11,2,0.06077348066298342,Caduceus@1,(Offer  bid:Bid[Food: Catering, Drinks: Handmade Cocktails, Location: Party Room, Invitations: Custom, Printed, Music: MP3, Cleanup: Water and Soap, ])
11,3,0.06077348066298342,ParsCat@2,(Offer  bid:Bid[Food: Chips and Nuts, Drinks: Non-Alcoholic, Location: Ballroom, Invitations: Plain, Music: Band, Cleanup: Hired Help, ])
12,1,0.06629834254143646,Agent@0,(Offer  bid:Bid[Food: Chips and Nuts, Drinks: Beer Only, Location: Party Room, Invitations: Custom, Handmade, Music: DJ, Cleanup: Specialized Materials, ])
12,2,0.06629834254143646,Caduceus@1,(Offer  bid:Bid[Food: Catering, Drinks: Handmade Cocktails, Location: Party Room, Invitations: Custom, Printed, Music: MP3, Cleanup: Water and Soap, ])
12,3,0.06629834254143646,ParsCat@2,(Offer  bid:Bid[Food: Chips and Nuts, Drinks: Non-Alcoholic, Location: Ballroom, Invitations: Plain, Music: Band, Cleanup: Hired Help, ])
13,1,0.0718232044198895,Agent@0,(Offer  bid:Bid[Food: Chips and Nuts, Drinks: Beer Only, Location: Party Room, Invitations: Custom, Handmade, Music: DJ, Cleanup: Specialized Materials, ])
13,2,0.0718232044198895,Caduceus@1,(Offer  bid:Bid[Food: Catering, Drinks: Handmade Cocktails, Location: Party Room, Invitations: Custom, Printed, Music: MP3, Cleanup: Water and Soap, ])
13,3,0.0718232044198895,ParsCat@2,(Offer  bid:Bid[Food: Chips and Nuts, Drinks: Non-Alcoholic, Location: Party Tent, Invitations: Custom, Handmade, Music: Band, Cleanup: Hired Help, ])
14,1,0.07734806629834254,Agent@0,(Offer  bid:Bid[Food: Chips and Nuts, Drinks: Beer Only, Location: Party Room, Invitations: Custom, Handmade, Music: DJ, Cleanup: Specialized Materials, ])
14,2,0.07734806629834254,Caduceus@1,(Offer  bid:Bid[Food: Catering, Drinks: Handmade Cocktails, Location: Party Room, Invitations: Custom, Printed, Music: MP3, Cleanup: Water and Soap, ])
14,3,0.07734806629834254,ParsCat@2,(Offer  bid:Bid[Food: Chips and Nuts, Drinks: Non-Alcoholic, Location: Party Tent, Invitations: Custom, Printed, Music: Band, Cleanup: Hired Help, ])
15,1,0.08287292817679558,Agent@0,(Offer  bid:Bid[Food: Chips and Nuts, Drinks: Beer Only, Location: Party Room, Invitations: Custom, Handmade, Music: DJ, Cleanup: Specialized Materials, ])
15,2,0.08287292817679558,Caduceus@1,(Offer  bid:Bid[Food: Catering, Drinks: Handmade Cocktails, Location: Party Room, Invitations: Custom, Printed, Music: MP3, Cleanup: Water and Soap, ])
15,3,0.08287292817679558,ParsCat@2,(Offer  bid:Bid[Food: Chips and Nuts, Drinks: Non-Alcoholic, Location: Party Tent, Invitations: Custom, Printed, Music: MP3, Cleanup: Hired Help, ])
16,1,0.08839779005524862,Agent@0,(Offer  bid:Bid[Food: Chips and Nuts, Drinks: Beer Only, Location: Party Room, Invitations: Custom, Handmade, Music: DJ, Cleanup: Specialized Materials, ])
16,2,0.08839779005524862,Caduceus@1,(Offer  bid:Bid[Food: Catering, Drinks: Handmade Cocktails, Location: Party Room, Invitations: Custom, Printed, Music: MP3, Cleanup: Water and Soap, ])
16,3,0.08839779005524862,ParsCat@2,(Offer  bid:Bid[Food: Chips and Nuts, Drinks: Non-Alcoholic, Location: Party Tent, Invitations: Photo, Music: Band, Cleanup: Hired Help, ])
17,1,0.09392265193370165,Agent@0,(Offer  bid:Bid[Food: Chips and Nuts, Drinks: Beer Only, Location: Party Room, Invitations: Custom, Handmade, Music: DJ, Cleanup: Specialized Materials, ])
17,2,0.09392265193370165,Caduceus@1,(Offer  bid:Bid[Food: Catering, Drinks: Handmade Cocktails, Location: Party Room, Invitations: Custom, Printed, Music: MP3, Cleanup: Water and Soap, ])
17,3,0.09392265193370165,ParsCat@2,(Offer  bid:Bid[Food: Chips and Nuts, Drinks: Non-Alcoholic, Location: Party Tent, Invitations: Custom, Handmade, Music: Band, Cleanup: Hired Help, ])
18,1,0.09944751381215469,Agent@0,(Offer  bid:Bid[Food: Chips and Nuts, Drinks: Beer Only, Location: Party Room, Invitations: Custom, Handmade, Music: DJ, Cleanup: Specialized Materials, ])
18,2,0.09944751381215469,Caduceus@1,(Offer  bid:Bid[Food: Catering, Drinks: Handmade Cocktails, Location: Party Room, Invitations: Custom, Printed, Music: MP3, Cleanup: Water and Soap, ])
18,3,0.09944751381215469,ParsCat@2,(Offer  bid:Bid[Food: Chips and Nuts, Drinks: Non-Alcoholic, Location: Party Tent, Invitations: Photo, Music: Band, Cleanup: Hired Help, ])
19,1,0.10497237569060773,Agent@0,(Offer  bid:Bid[Food: Chips and Nuts, Drinks: Beer Only, Location: Party Room, Invitations: Custom, Handmade, Music: DJ, Cleanup: Specialized Materials, ])
19,2,0.10497237569060773,Caduceus@1,(Offer  bid:Bid[Food: Catering, Drinks: Handmade Cocktails, Location: Party Room, Invitations: Custom, Printed, Music: MP3, Cleanup: Water and Soap, ])
19,3,0.10497237569060773,ParsCat@2,(Offer  bid:Bid[Food: Chips and Nuts, Drinks: Non-Alcoholic, Location: Party Tent, Invitations: Photo, Music: MP3, Cleanup: Hired Help, ])
20,1,0.11049723756906077,Agent@0,(Offer  bid:Bid[Food: Chips and Nuts, Drinks: Beer Only, Location: Party Room, Invitations: Custom, Handmade, Music: DJ, Cleanup: Specialized Materials, ])
20,2,0.11049723756906077,Caduceus@1,(Offer  bid:Bid[Food: Catering, Drinks: Handmade Cocktails, Location: Party Room, Invitations: Custom, Printed, Music: MP3, Cleanup: Water and Soap, ])
20,3,0.11049723756906077,ParsCat@2,(Offer  bid:Bid[Food: Chips and Nuts, Drinks: Non-Alcoholic, Location: Party Tent, Invitations: Photo, Music: Band, Cleanup: Hired Help, ])
21,1,0.11602209944751381,Agent@0,(Offer  bid:Bid[Food: Chips and Nuts, Drinks: Beer Only, Location: Party Room, Invitations: Custom, Handmade, Music: DJ, Cleanup: Specialized Materials, ])
21,2,0.11602209944751381,Caduceus@1,(Offer  bid:Bid[Food: Catering, Drinks: Handmade Cocktails, Location: Party Room, Invitations: Custom, Printed, Music: MP3, Cleanup: Water and Soap, ])
21,3,0.11602209944751381,ParsCat@2,(Offer  bid:Bid[Food: Chips and Nuts, Drinks: Non-Alcoholic, Location: Party Tent, Invitations: Plain, Music: Band, Cleanup: Special Equiment, ])
22,1,0.12154696132596685,Agent@0,(Offer  bid:Bid[Food: Chips and Nuts, Drinks: Beer Only, Location: Party Room, Invitations: Custom, Handmade, Music: DJ, Cleanup: Specialized Materials, ])
22,2,0.12154696132596685,Caduceus@1,(Offer  bid:Bid[Food: Catering, Drinks: Handmade Cocktails, Location: Party Room, Invitations: Custom, Printed, Music: MP3, Cleanup: Water and Soap, ])
22,3,0.12154696132596685,ParsCat@2,(Offer  bid:Bid[Food: Chips and Nuts, Drinks: Non-Alcoholic, Location: Ballroom, Invitations: Plain, Music: Band, Cleanup: Special Equiment, ])
23,1,0.1270718232044199,Agent@0,(Offer  bid:Bid[Food: Chips and Nuts, Drinks: Beer Only, Location: Party Room, Invitations: Custom, Handmade, Music: DJ, Cleanup: Specialized Materials, ])
23,2,0.1270718232044199,Caduceus@1,(Offer  bid:Bid[Food: Catering, Drinks: Handmade Cocktails, Location: Party Room, Invitations: Custom, Printed, Music: MP3, Cleanup: Water and Soap, ])
23,3,0.1270718232044199,ParsCat@2,(Offer  bid:Bid[Food: Chips and Nuts, Drinks: Non-Alcoholic, Location: Party Tent, Invitations: Plain, Music: MP3, Cleanup: Special Equiment, ])
24,1,0.13259668508287292,Agent@0,(Offer  bid:Bid[Food: Chips and Nuts, Drinks: Beer Only, Location: Party Room, Invitations: Custom, Handmade, Music: DJ, Cleanup: Specialized Materials, ])
24,2,0.13259668508287292,Caduceus@1,(Offer  bid:Bid[Food: Catering, Drinks: Handmade Cocktails, Location: Party Room, Invitations: Custom, Printed, Music: MP3, Cleanup: Water and Soap, ])
24,3,0.13259668508287292,ParsCat@2,(Offer  bid:Bid[Food: Chips and Nuts, Drinks: Non-Alcoholic, Location: Ballroom, Invitations: Custom, Printed, Music: Band, Cleanup: Hired Help, ])
25,1,0.13812154696132597,Agent@0,(Offer  bid:Bid[Food: Chips and Nuts, Drinks: Beer Only, Location: Party Room, Invitations: Custom, Handmade, Music: DJ, Cleanup: Specialized Materials, ])
25,2,0.13812154696132597,Caduceus@1,(Offer  bid:Bid[Food: Catering, Drinks: Handmade Cocktails, Location: Party Room, Invitations: Custom, Printed, Music: MP3, Cleanup: Water and Soap, ])
25,3,0.13812154696132597,ParsCat@2,(Offer  bid:Bid[Food: Chips and Nuts, Drinks: Non-Alcoholic, Location: Ballroom, Invitations: Plain, Music: Band, Cleanup: Special Equiment, ])
26,1,0.143646408839779,Agent@0,(Offer  bid:Bid[Food: Chips and Nuts, Drinks: Beer Only, Location: Party Room, Invitations: Custom, Handmade, Music: DJ, Cleanup: Specialized Materials, ])
26,2,0.143646408839779,Caduceus@1,(Offer  bid:Bid[Food: Catering, Drinks: Handmade Cocktails, Location: Party Room, Invitations: Custom, Printed, Music: MP3, Cleanup: Water and Soap, ])
26,3,0.143646408839779,ParsCat@2,(Offer  bid:Bid[Food: Chips and Nuts, Drinks: Non-Alcoholic, Location: Party Tent, Invitations: Custom, Handmade, Music: Band, Cleanup: Hired Help, ])
27,1,0.14917127071823205,Agent@0,(Offer  bid:Bid[Food: Chips and Nuts, Drinks: Beer Only, Location: Party Room, Invitations: Custom, Handmade, Music: DJ, Cleanup: Specialized Materials, ])
27,2,0.14917127071823205,Caduceus@1,(Offer  bid:Bid[Food: Catering, Drinks: Handmade Cocktails, Location: Party Room, Invitations: Custom, Printed, Music: MP3, Cleanup: Water and Soap, ])
27,3,0.14917127071823205,ParsCat@2,(Offer  bid:Bid[Food: Chips and Nuts, Drinks: Non-Alcoholic, Location: Ballroom, Invitations: Photo, Music: Band, Cleanup: Hired Help, ])
28,1,0.15469613259668508,Agent@0,(Offer  bid:Bid[Food: Chips and Nuts, Drinks: Beer Only, Location: Party Room, Invitations: Custom, Handmade, Music: DJ, Cleanup: Specialized Materials, ])
28,2,0.15469613259668508,Caduceus@1,(Offer  bid:Bid[Food: Catering, Drinks: Handmade Cocktails, Location: Party Room, Invitations: Custom, Printed, Music: MP3, Cleanup: Water and Soap, ])
28,3,0.15469613259668508,ParsCat@2,(Offer  bid:Bid[Food: Chips and Nuts, Drinks: Non-Alcoholic, Location: Party Tent, Invitations: Plain, Music: DJ, Cleanup: Hired Help, ])
29,1,0.16022099447513813,Agent@0,(Offer  bid:Bid[Food: Chips and Nuts, Drinks: Beer Only, Location: Party Room, Invitations: Custom, Handmade, Music: DJ, Cleanup: Specialized Materials, ])
29,2,0.16022099447513813,Caduceus@1,(Offer  bid:Bid[Food: Catering, Drinks: Handmade Cocktails, Location: Party Room, Invitations: Custom, Printed, Music: MP3, Cleanup: Water and Soap, ])
29,3,0.16022099447513813,ParsCat@2,(Offer  bid:Bid[Food: Chips and Nuts, Drinks: Non-Alcoholic, Location: Party Tent, Invitations: Custom, Printed, Music: Band, Cleanup: Special Equiment, ])
30,1,0.16574585635359115,Agent@0,(Offer  bid:Bid[Food: Chips and Nuts, Drinks: Beer Only, Location: Party Room, Invitations: Custom, Handmade, Music: DJ, Cleanup: Specialized Materials, ])
30,2,0.16574585635359115,Caduceus@1,(Offer  bid:Bid[Food: Catering, Drinks: Handmade Cocktails, Location: Party Room, Invitations: Custom, Printed, Music: MP3, Cleanup: Water and Soap, ])
30,3,0.16574585635359115,ParsCat@2,(Offer  bid:Bid[Food: Chips and Nuts, Drinks: Non-Alcoholic, Location: Party Tent, Invitations: Photo, Music: Band, Cleanup: Special Equiment, ])
31,1,0.1712707182320442,Agent@0,(Offer  bid:Bid[Food: Chips and Nuts, Drinks: Beer Only, Location: Party Room, Invitations: Custom, Handmade, Music: DJ, Cleanup: Specialized Materials, ])
31,2,0.1712707182320442,Caduceus@1,(Offer  bid:Bid[Food: Catering, Drinks: Handmade Cocktails, Location: Party Room, Invitations: Custom, Printed, Music: MP3, Cleanup: Water and Soap, ])
31,3,0.1712707182320442,ParsCat@2,(Offer  bid:Bid[Food: Chips and Nuts, Drinks: Non-Alcoholic, Location: Ballroom, Invitations: Custom, Handmade, Music: Band, Cleanup: Hired Help, ])
32,1,0.17679558011049723,Agent@0,(Offer  bid:Bid[Food: Chips and Nuts, Drinks: Beer Only, Location: Party Room, Invitations: Custom, Handmade, Music: DJ, Cleanup: Specialized Materials, ])
32,2,0.17679558011049723,Caduceus@1,(Offer  bid:Bid[Food: Catering, Drinks: Handmade Cocktails, Location: Party Room, Invitations: Custom, Printed, Music: MP3, Cleanup: Water and Soap, ])
32,3,0.17679558011049723,ParsCat@2,(Offer  bid:Bid[Food: Chips and Nuts, Drinks: Non-Alcoholic, Location: Ballroom, Invitations: Custom, Printed, Music: MP3, Cleanup: Hired Help, ])
33,1,0.18232044198895028,Agent@0,(Offer  bid:Bid[Food: Chips and Nuts, Drinks: Beer Only, Location: Party Room, Invitations: Custom, Handmade, Music: DJ, Cleanup: Specialized Materials, ])
33,2,0.18232044198895028,Caduceus@1,(Offer  bid:Bid[Food: Catering, Drinks: Handmade Cocktails, Location: Party Room, Invitations: Custom, Printed, Music: MP3, Cleanup: Water and Soap, ])
33,3,0.18232044198895028,ParsCat@2,(Offer  bid:Bid[Food: Chips and Nuts, Drinks: Non-Alcoholic, Location: Party Tent, Invitations: Plain, Music: Band, Cleanup: Specialized Materials, ])
34,1,0.1878453038674033,Agent@0,(Offer  bid:Bid[Food: Chips and Nuts, Drinks: Beer Only, Location: Party Room, Invitations: Custom, Handmade, Music: DJ, Cleanup: Specialized Materials, ])
34,2,0.1878453038674033,Caduceus@1,(Offer  bid:Bid[Food: Catering, Drinks: Handmade Cocktails, Location: Party Room, Invitations: Custom, Printed, Music: MP3, Cleanup: Water and Soap, ])
34,3,0.1878453038674033,ParsCat@2,(Offer  bid:Bid[Food: Chips and Nuts, Drinks: Non-Alcoholic, Location: Party Tent, Invitations: Custom, Handmade, Music: MP3, Cleanup: Hired Help, ])
35,1,0.19337016574585636,Agent@0,(Offer  bid:Bid[Food: Chips and Nuts, Drinks: Beer Only, Location: Party Room, Invitations: Custom, Handmade, Music: DJ, Cleanup: Specialized Materials, ])
35,2,0.19337016574585636,Caduceus@1,(Offer  bid:Bid[Food: Catering, Drinks: Handmade Cocktails, Location: Party Room, Invitations: Custom, Printed, Music: MP3, Cleanup: Water and Soap, ])
35,3,0.19337016574585636,ParsCat@2,(Offer  bid:Bid[Food: Chips and Nuts, Drinks: Non-Alcoholic, Location: Your Dorm, Invitations: Plain, Music: Band, Cleanup: Hired Help, ])
36,1,0.19889502762430938,Agent@0,(Offer  bid:Bid[Food: Chips and Nuts, Drinks: Beer Only, Location: Party Room, Invitations: Custom, Handmade, Music: DJ, Cleanup: Specialized Materials, ])
36,2,0.19889502762430938,Caduceus@1,(Offer  bid:Bid[Food: Catering, Drinks: Handmade Cocktails, Location: Party Room, Invitations: Custom, Printed, Music: MP3, Cleanup: Water and Soap, ])
36,3,0.19889502762430938,ParsCat@2,(Offer  bid:Bid[Food: Chips and Nuts, Drinks: Non-Alcoholic, Location: Party Tent, Invitations: Plain, Music: Band, Cleanup: Specialized Materials, ])
37,1,0.20441988950276244,Agent@0,(Offer  bid:Bid[Food: Chips and Nuts, Drinks: Beer Only, Location: Party Room, Invitations: Custom, Handmade, Music: DJ, Cleanup: Specialized Materials, ])
37,2,0.20441988950276244,Caduceus@1,(Offer  bid:Bid[Food: Catering, Drinks: Handmade Cocktails, Location: Party Room, Invitations: Custom, Printed, Music: MP3, Cleanup: Water and Soap, ])
37,3,0.20441988950276244,ParsCat@2,(Offer  bid:Bid[Food: Chips and Nuts, Drinks: Non-Alcoholic, Location: Party Tent, Invitations: Photo, Music: MP3, Cleanup: Special Equiment, ])
38,1,0.20994475138121546,Agent@0,(Offer  bid:Bid[Food: Chips and Nuts, Drinks: Beer Only, Location: Party Room, Invitations: Custom, Handmade, Music: DJ, Cleanup: Specialized Materials, ])
38,2,0.20994475138121546,Caduceus@1,(Offer  bid:Bid[Food: Catering, Drinks: Handmade Cocktails, Location: Party Room, Invitations: Custom, Printed, Music: MP3, Cleanup: Water and Soap, ])
38,3,0.20994475138121546,ParsCat@2,(Offer  bid:Bid[Food: Chips and Nuts, Drinks: Non-Alcoholic, Location: Ballroom, Invitations: Custom, Printed, Music: Band, Cleanup: Special Equiment, ])
39,1,0.2154696132596685,Agent@0,(Offer  bid:Bid[Food: Chips and Nuts, Drinks: Beer Only, Location: Party Room, Invitations: Custom, Handmade, Music: DJ, Cleanup: Specialized Materials, ])
39,2,0.2154696132596685,Caduceus@1,(Offer  bid:Bid[Food: Catering, Drinks: Handmade Cocktails, Location: Party Room, Invitations: Custom, Printed, Music: MP3, Cleanup: Water and Soap, ])
39,3,0.2154696132596685,ParsCat@2,(Offer  bid:Bid[Food: Chips and Nuts, Drinks: Non-Alcoholic, Location: Ballroom, Invitations: Plain, Music: DJ, Cleanup: Hired Help, ])
40,1,0.22099447513812154,Agent@0,(Offer  bid:Bid[Food: Chips and Nuts, Drinks: Beer Only, Location: Party Room, Invitations: Custom, Handmade, Music: DJ, Cleanup: Specialized Materials, ])
40,2,0.22099447513812154,Caduceus@1,(Offer  bid:Bid[Food: Catering, Drinks: Handmade Cocktails, Location: Party Room, Invitations: Custom, Printed, Music: MP3, Cleanup: Water and Soap, ])
40,3,0.22099447513812154,ParsCat@2,(Offer  bid:Bid[Food: Chips and Nuts, Drinks: Non-Alcoholic, Location: Party Tent, Invitations: Photo, Music: DJ, Cleanup: Hired Help, ])
41,1,0.2265193370165746,Agent@0,(Offer  bid:Bid[Food: Chips and Nuts, Drinks: Beer Only, Location: Party Room, Invitations: Custom, Handmade, Music: DJ, Cleanup: Specialized Materials, ])
41,2,0.2265193370165746,Caduceus@1,(Offer  bid:Bid[Food: Catering, Drinks: Handmade Cocktails, Location: Party Room, Invitations: Custom, Printed, Music: MP3, Cleanup: Water and Soap, ])
41,3,0.2265193370165746,ParsCat@2,(Offer  bid:Bid[Food: Chips and Nuts, Drinks: Handmade Cocktails, Location: Party Tent, Invitations: Custom, Printed, Music: Band, Cleanup: Hired Help, ])
42,1,0.23204419889502761,Agent@0,(Offer  bid:Bid[Food: Chips and Nuts, Drinks: Beer Only, Location: Party Room, Invitations: Custom, Handmade, Music: DJ, Cleanup: Specialized Materials, ])
42,2,0.23204419889502761,Caduceus@1,(Offer  bid:Bid[Food: Catering, Drinks: Handmade Cocktails, Location: Party Room, Invitations: Custom, Printed, Music: MP3, Cleanup: Water and Soap, ])
42,3,0.23204419889502761,ParsCat@2,(Offer  bid:Bid[Food: Chips and Nuts, Drinks: Non-Alcoholic, Location: Party Tent, Invitations: Custom, Printed, Music: DJ, Cleanup: Hired Help, ])
43,1,0.23756906077348067,Agent@0,(Offer  bid:Bid[Food: Chips and Nuts, Drinks: Beer Only, Location: Party Room, Invitations: Custom, Handmade, Music: DJ, Cleanup: Specialized Materials, ])
43,2,0.23756906077348067,Caduceus@1,(Offer  bid:Bid[Food: Catering, Drinks: Handmade Cocktails, Location: Party Room, Invitations: Custom, Printed, Music: MP3, Cleanup: Water and Soap, ])
43,3,0.23756906077348067,ParsCat@2,(Offer  bid:Bid[Food: Chips and Nuts, Drinks: Handmade Cocktails, Location: Party Tent, Invitations: Custom, Printed, Music: Band, Cleanup: Hired Help, ])
44,1,0.2430939226519337,Agent@0,(Offer  bid:Bid[Food: Chips and Nuts, Drinks: Beer Only, Location: Party Room, Invitations: Custom, Handmade, Music: DJ, Cleanup: Specialized Materials, ])
44,2,0.2430939226519337,Caduceus@1,(Offer  bid:Bid[Food: Catering, Drinks: Handmade Cocktails, Location: Party Room, Invitations: Custom, Printed, Music: MP3, Cleanup: Water and Soap, ])
44,3,0.2430939226519337,ParsCat@2,(Offer  bid:Bid[Food: Chips and Nuts, Drinks: Non-Alcoholic, Location: Your Dorm, Invitations: Custom, Printed, Music: Band, Cleanup: Hired Help, ])
45,1,0.24861878453038674,Agent@0,(Offer  bid:Bid[Food: Chips and Nuts, Drinks: Beer Only, Location: Party Room, Invitations: Custom, Handmade, Music: DJ, Cleanup: Specialized Materials, ])
45,2,0.24861878453038674,Caduceus@1,(Offer  bid:Bid[Food: Catering, Drinks: Handmade Cocktails, Location: Party Room, Invitations: Custom, Printed, Music: MP3, Cleanup: Water and Soap, ])
45,3,0.24861878453038674,ParsCat@2,(Offer  bid:Bid[Food: Chips and Nuts, Drinks: Non-Alcoholic, Location: Your Dorm, Invitations: Custom, Handmade, Music: Band, Cleanup: Hired Help, ])
46,1,0.2541436464088398,Agent@0,(Offer  bid:Bid[Food: Chips and Nuts, Drinks: Beer Only, Location: Party Room, Invitations: Custom, Handmade, Music: DJ, Cleanup: Specialized Materials, ])
46,2,0.2541436464088398,Caduceus@1,(Offer  bid:Bid[Food: Catering, Drinks: Handmade Cocktails, Location: Party Room, Invitations: Custom, Printed, Music: MP3, Cleanup: Water and Soap, ])
46,3,0.2541436464088398,ParsCat@2,(Offer  bid:Bid[Food: Chips and Nuts, Drinks: Non-Alcoholic, Location: Party Tent, Invitations: Custom, Printed, Music: DJ, Cleanup: Hired Help, ])
47,1,0.2596685082872928,Agent@0,(Offer  bid:Bid[Food: Chips and Nuts, Drinks: Beer Only, Location: Party Room, Invitations: Custom, Handmade, Music: DJ, Cleanup: Specialized Materials, ])
47,2,0.2596685082872928,Caduceus@1,(Offer  bid:Bid[Food: Catering, Drinks: Handmade Cocktails, Location: Party Room, Invitations: Custom, Printed, Music: MP3, Cleanup: Water and Soap, ])
47,3,0.2596685082872928,ParsCat@2,(Offer  bid:Bid[Food: Chips and Nuts, Drinks: Non-Alcoholic, Location: Your Dorm, Invitations: Photo, Music: Band, Cleanup: Hired Help, ])
48,1,0.26519337016574585,Agent@0,(Offer  bid:Bid[Food: Chips and Nuts, Drinks: Beer Only, Location: Party Room, Invitations: Custom, Handmade, Music: DJ, Cleanup: Specialized Materials, ])
48,2,0.26519337016574585,Caduceus@1,(Offer  bid:Bid[Food: Catering, Drinks: Handmade Cocktails, Location: Party Room, Invitations: Custom, Printed, Music: MP3, Cleanup: Water and Soap, ])
48,3,0.26519337016574585,ParsCat@2,(Offer  bid:Bid[Food: Chips and Nuts, Drinks: Non-Alcoholic, Location: Your Dorm, Invitations: Plain, Music: MP3, Cleanup: Hired Help, ])
49,1,0.27071823204419887,Agent@0,(Offer  bid:Bid[Food: Chips and Nuts, Drinks: Beer Only, Location: Party Room, Invitations: Custom, Handmade, Music: DJ, Cleanup: Specialized Materials, ])
49,2,0.27071823204419887,Caduceus@1,(Offer  bid:Bid[Food: Catering, Drinks: Handmade Cocktails, Location: Party Room, Invitations: Custom, Printed, Music: MP3, Cleanup: Water and Soap, ])
49,3,0.27071823204419887,ParsCat@2,(Offer  bid:Bid[Food: Chips and Nuts, Drinks: Handmade Cocktails, Location: Party Tent, Invitations: Plain, Music: MP3, Cleanup: Hired Help, ])
50,1,0.27624309392265195,Agent@0,(Offer  bid:Bid[Food: Chips and Nuts, Drinks: Beer Only, Location: Party Room, Invitations: Custom, Handmade, Music: DJ, Cleanup: Specialized Materials, ])
50,2,0.27624309392265195,Caduceus@1,(Offer  bid:Bid[Food: Catering, Drinks: Handmade Cocktails, Location: Party Room, Invitations: Custom, Printed, Music: MP3, Cleanup: Water and Soap, ])
50,3,0.27624309392265195,ParsCat@2,(Offer  bid:Bid[Food: Chips and Nuts, Drinks: Handmade Cocktails, Location: Party Tent, Invitations: Plain, Music: MP3, Cleanup: Hired Help, ])
51,1,0.281767955801105,Agent@0,(Offer  bid:Bid[Food: Chips and Nuts, Drinks: Beer Only, Location: Party Room, Invitations: Custom, Handmade, Music: DJ, Cleanup: Specialized Materials, ])
51,2,0.281767955801105,Caduceus@1,(Offer  bid:Bid[Food: Catering, Drinks: Handmade Cocktails, Location: Party Room, Invitations: Custom, Printed, Music: MP3, Cleanup: Water and Soap, ])
51,3,0.281767955801105,ParsCat@2,(Offer  bid:Bid[Food: Chips and Nuts, Drinks: Non-Alcoholic, Location: Party Tent, Invitations: Custom, Handmade, Music: Band, Cleanup: Specialized Materials, ])
52,1,0.287292817679558,Agent@0,(Offer  bid:Bid[Food: Chips and Nuts, Drinks: Beer Only, Location: Party Room, Invitations: Custom, Handmade, Music: DJ, Cleanup: Specialized Materials, ])
52,2,0.287292817679558,Caduceus@1,(Offer  bid:Bid[Food: Catering, Drinks: Handmade Cocktails, Location: Party Room, Invitations: Custom, Printed, Music: MP3, Cleanup: Water and Soap, ])
52,3,0.287292817679558,ParsCat@2,(Offer  bid:Bid[Food: Chips and Nuts, Drinks: Non-Alcoholic, Location: Ballroom, Invitations: Custom, Printed, Music: MP3, Cleanup: Special Equiment, ])
53,1,0.292817679558011,Agent@0,(Offer  bid:Bid[Food: Chips and Nuts, Drinks: Beer Only, Location: Party Room, Invitations: Custom, Handmade, Music: DJ, Cleanup: Specialized Materials, ])
53,2,0.292817679558011,Caduceus@1,(Offer  bid:Bid[Food: Catering, Drinks: Handmade Cocktails, Location: Party Room, Invitations: Custom, Printed, Music: MP3, Cleanup: Water and Soap, ])
53,3,0.292817679558011,ParsCat@2,(Offer  bid:Bid[Food: Chips and Nuts, Drinks: Non-Alcoholic, Location: Your Dorm, Invitations: Photo, Music: Band, Cleanup: Hired Help, ])
54,1,0.2983425414364641,Agent@0,(Offer  bid:Bid[Food: Chips and Nuts, Drinks: Beer Only, Location: Party Room, Invitations: Custom, Handmade, Music: DJ, Cleanup: Specialized Materials, ])
54,2,0.2983425414364641,Caduceus@1,(Offer  bid:Bid[Food: Catering, Drinks: Handmade Cocktails, Location: Party Room, Invitations: Custom, Printed, Music: MP3, Cleanup: Water and Soap, ])
54,3,0.2983425414364641,ParsCat@2,(Offer  bid:Bid[Food: Chips and Nuts, Drinks: Non-Alcoholic, Location: Party Tent, Invitations: Custom, Printed, Music: Band, Cleanup: Water and Soap, ])
55,1,0.30386740331491713,Agent@0,(Offer  bid:Bid[Food: Chips and Nuts, Drinks: Beer Only, Location: Party Room, Invitations: Custom, Handmade, Music: DJ, Cleanup: Specialized Materials, ])
55,2,0.30386740331491713,Caduceus@1,(Offer  bid:Bid[Food: Catering, Drinks: Handmade Cocktails, Location: Party Room, Invitations: Custom, Printed, Music: MP3, Cleanup: Water and Soap, ])
55,3,0.30386740331491713,ParsCat@2,(Offer  bid:Bid[Food: Chips and Nuts, Drinks: Handmade Cocktails, Location: Party Tent, Invitations: Custom, Printed, Music: Band, Cleanup: Special Equiment, ])
56,1,0.30939226519337015,Agent@0,(Offer  bid:Bid[Food: Chips and Nuts, Drinks: Beer Only, Location: Party Room, Invitations: Custom, Handmade, Music: DJ, Cleanup: Specialized Materials, ])
56,2,0.30939226519337015,Caduceus@1,(Offer  bid:Bid[Food: Catering, Drinks: Handmade Cocktails, Location: Party Room, Invitations: Custom, Printed, Music: MP3, Cleanup: Water and Soap, ])
56,3,0.30939226519337015,ParsCat@2,(Offer  bid:Bid[Food: Chips and Nuts, Drinks: Non-Alcoholic, Location: Ballroom, Invitations: Custom, Printed, Music: DJ, Cleanup: Hired Help, ])
57,1,0.3149171270718232,Agent@0,(Offer  bid:Bid[Food: Chips and Nuts, Drinks: Beer Only, Location: Party Room, Invitations: Custom, Handmade, Music: DJ, Cleanup: Specialized Materials, ])
57,2,0.3149171270718232,Caduceus@1,(Offer  bid:Bid[Food: Catering, Drinks: Handmade Cocktails, Location: Party Room, Invitations: Custom, Printed, Music: MP3, Cleanup: Water and Soap, ])
57,3,0.3149171270718232,ParsCat@2,(Offer  bid:Bid[Food: Chips and Nuts, Drinks: Non-Alcoholic, Location: Party Tent, Invitations: Custom, Printed, Music: Band, Cleanup: Water and Soap, ])
58,1,0.32044198895027626,Agent@0,(Offer  bid:Bid[Food: Chips and Nuts, Drinks: Beer Only, Location: Party Room, Invitations: Custom, Handmade, Music: DJ, Cleanup: Specialized Materials, ])
58,2,0.32044198895027626,Caduceus@1,(Offer  bid:Bid[Food: Catering, Drinks: Handmade Cocktails, Location: Party Room, Invitations: Custom, Printed, Music: MP3, Cleanup: Water and Soap, ])
58,3,0.32044198895027626,ParsCat@2,(Offer  bid:Bid[Food: Chips and Nuts, Drinks: Non-Alcoholic, Location: Your Dorm, Invitations: Custom, Printed, Music: Band, Cleanup: Special Equiment, ])
59,1,0.3259668508287293,Agent@0,(Offer  bid:Bid[Food: Chips and Nuts, Drinks: Beer Only, Location: Party Room, Invitations: Custom, Handmade, Music: DJ, Cleanup: Specialized Materials, ])
59,2,0.3259668508287293,Caduceus@1,(Offer  bid:Bid[Food: Catering, Drinks: Handmade Cocktails, Location: Party Room, Invitations: Custom, Printed, Music: MP3, Cleanup: Water and Soap, ])
59,3,0.3259668508287293,ParsCat@2,(Offer  bid:Bid[Food: Chips and Nuts, Drinks: Non-Alcoholic, Location: Party Tent, Invitations: Plain, Music: Band, Cleanup: Water and Soap, ])
60,1,0.3314917127071823,Agent@0,(Offer  bid:Bid[Food: Chips and Nuts, Drinks: Beer Only, Location: Party Room, Invitations: Custom, Handmade, Music: DJ, Cleanup: Specialized Materials, ])
60,2,0.3314917127071823,Caduceus@1,(Offer  bid:Bid[Food: Catering, Drinks: Handmade Cocktails, Location: Party Room, Invitations: Custom, Printed, Music: MP3, Cleanup: Water and Soap, ])
60,3,0.3314917127071823,ParsCat@2,(Offer  bid:Bid[Food: Chips and Nuts, Drinks: Non-Alcoholic, Location: Ballroom, Invitations: Photo, Music: Band, Cleanup: Specialized Materials, ])
61,1,0.3370165745856354,Agent@0,(Offer  bid:Bid[Food: Chips and Nuts, Drinks: Beer Only, Location: Party Room, Invitations: Custom, Handmade, Music: DJ, Cleanup: Specialized Materials, ])
61,2,0.3370165745856354,Caduceus@1,(Offer  bid:Bid[Food: Catering, Drinks: Handmade Cocktails, Location: Party Room, Invitations: Custom, Printed, Music: MP3, Cleanup: Water and Soap, ])
61,3,0.3370165745856354,ParsCat@2,(Offer  bid:Bid[Food: Finger-Food, Drinks: Non-Alcoholic, Location: Party Tent, Invitations: Plain, Music: Band, Cleanup: Special Equiment, ])
62,1,0.3425414364640884,Agent@0,(Offer  bid:Bid[Food: Chips and Nuts, Drinks: Beer Only, Location: Party Room, Invitations: Custom, Handmade, Music: DJ, Cleanup: Specialized Materials, ])
62,2,0.3425414364640884,Caduceus@1,(Offer  bid:Bid[Food: Catering, Drinks: Handmade Cocktails, Location: Party Room, Invitations: Custom, Printed, Music: MP3, Cleanup: Water and Soap, ])
62,3,0.3425414364640884,ParsCat@2,(Offer  bid:Bid[Food: Chips and Nuts, Drinks: Non-Alcoholic, Location: Your Dorm, Invitations: Plain, Music: Band, Cleanup: Specialized Materials, ])
63,1,0.34806629834254144,Agent@0,(Offer  bid:Bid[Food: Chips and Nuts, Drinks: Beer Only, Location: Party Room, Invitations: Custom, Handmade, Music: DJ, Cleanup: Specialized Materials, ])
63,2,0.34806629834254144,Caduceus@1,(Offer  bid:Bid[Food: Catering, Drinks: Handmade Cocktails, Location: Party Room, Invitations: Custom, Printed, Music: MP3, Cleanup: Water and Soap, ])
63,3,0.34806629834254144,ParsCat@2,(Offer  bid:Bid[Food: Chips and Nuts, Drinks: Non-Alcoholic, Location: Ballroom, Invitations: Custom, Printed, Music: Band, Cleanup: Specialized Materials, ])
64,1,0.35359116022099446,Agent@0,(Offer  bid:Bid[Food: Chips and Nuts, Drinks: Beer Only, Location: Party Room, Invitations: Custom, Handmade, Music: DJ, Cleanup: Specialized Materials, ])
64,2,0.35359116022099446,Caduceus@1,(Offer  bid:Bid[Food: Catering, Drinks: Handmade Cocktails, Location: Party Room, Invitations: Custom, Printed, Music: MP3, Cleanup: Water and Soap, ])
64,3,0.35359116022099446,ParsCat@2,(Offer  bid:Bid[Food: Chips and Nuts, Drinks: Handmade Cocktails, Location: Party Tent, Invitations: Plain, Music: Band, Cleanup: Specialized Materials, ])
65,1,0.35911602209944754,Agent@0,(Offer  bid:Bid[Food: Chips and Nuts, Drinks: Beer Only, Location: Party Room, Invitations: Custom, Handmade, Music: DJ, Cleanup: Specialized Materials, ])
65,2,0.35911602209944754,Caduceus@1,(Offer  bid:Bid[Food: Catering, Drinks: Handmade Cocktails, Location: Party Room, Invitations: Custom, Printed, Music: MP3, Cleanup: Water and Soap, ])
65,3,0.35911602209944754,ParsCat@2,(Offer  bid:Bid[Food: Chips and Nuts, Drinks: Non-Alcoholic, Location: Ballroom, Invitations: Custom, Printed, Music: DJ, Cleanup: Special Equiment, ])
66,1,0.36464088397790057,Agent@0,(Offer  bid:Bid[Food: Chips and Nuts, Drinks: Beer Only, Location: Party Room, Invitations: Custom, Handmade, Music: DJ, Cleanup: Specialized Materials, ])
66,2,0.36464088397790057,Caduceus@1,(Offer  bid:Bid[Food: Catering, Drinks: Handmade Cocktails, Location: Party Room, Invitations: Custom, Printed, Music: MP3, Cleanup: Water and Soap, ])
66,3,0.36464088397790057,ParsCat@2,(Offer  bid:Bid[Food: Chips and Nuts, Drinks: Handmade Cocktails, Location: Party Tent, Invitations: Custom, Printed, Music: DJ, Cleanup: Hired Help, ])
67,1,0.3701657458563536,Agent@0,(Offer  bid:Bid[Food: Chips and Nuts, Drinks: Beer Only, Location: Party Room, Invitations: Custom, Handmade, Music: DJ, Cleanup: Specialized Materials, ])
67,2,0.3701657458563536,Caduceus@1,(Offer  bid:Bid[Food: Catering, Drinks: Handmade Cocktails, Location: Party Room, Invitations: Custom, Printed, Music: MP3, Cleanup: Water and Soap, ])
67,3,0.3701657458563536,ParsCat@2,(Offer  bid:Bid[Food: Chips and Nuts, Drinks: Non-Alcoholic, Location: Ballroom, Invitations: Custom, Handmade, Music: Band, Cleanup: Specialized Materials, ])
68,1,0.3756906077348066,Agent@0,(Offer  bid:Bid[Food: Chips and Nuts, Drinks: Beer Only, Location: Party Room, Invitations: Custom, Handmade, Music: DJ, Cleanup: Specialized Materials, ])
68,2,0.3756906077348066,Caduceus@1,(Offer  bid:Bid[Food: Catering, Drinks: Handmade Cocktails, Location: Party Room, Invitations: Custom, Printed, Music: MP3, Cleanup: Water and Soap, ])
68,3,0.3756906077348066,ParsCat@2,(Offer  bid:Bid[Food: Chips and Nuts, Drinks: Non-Alcoholic, Location: Ballroom, Invitations: Custom, Printed, Music: Band, Cleanup: Water and Soap, ])
69,1,0.3812154696132597,Agent@0,(Offer  bid:Bid[Food: Chips and Nuts, Drinks: Beer Only, Location: Party Room, Invitations: Custom, Handmade, Music: DJ, Cleanup: Specialized Materials, ])
69,2,0.3812154696132597,Caduceus@1,(Offer  bid:Bid[Food: Catering, Drinks: Handmade Cocktails, Location: Party Room, Invitations: Custom, Printed, Music: MP3, Cleanup: Water and Soap, ])
69,3,0.3812154696132597,ParsCat@2,(Offer  bid:Bid[Food: Chips and Nuts, Drinks: Non-Alcoholic, Location: Your Dorm, Invitations: Plain, Music: MP3, Cleanup: Special Equiment, ])
70,1,0.3867403314917127,Agent@0,(Offer  bid:Bid[Food: Chips and Nuts, Drinks: Beer Only, Location: Party Room, Invitations: Custom, Handmade, Music: DJ, Cleanup: Specialized Materials, ])
70,2,0.3867403314917127,Caduceus@1,(Offer  bid:Bid[Food: Catering, Drinks: Handmade Cocktails, Location: Party Room, Invitations: Custom, Printed, Music: MP3, Cleanup: Water and Soap, ])
70,3,0.3867403314917127,ParsCat@2,(Offer  bid:Bid[Food: Chips and Nuts, Drinks: Non-Alcoholic, Location: Ballroom, Invitations: Custom, Handmade, Music: DJ, Cleanup: Hired Help, ])
71,1,0.39226519337016574,Agent@0,(Offer  bid:Bid[Food: Chips and Nuts, Drinks: Beer Only, Location: Party Room, Invitations: Custom, Handmade, Music: DJ, Cleanup: Specialized Materials, ])
71,2,0.39226519337016574,Caduceus@1,(Offer  bid:Bid[Food: Catering, Drinks: Handmade Cocktails, Location: Party Room, Invitations: Custom, Printed, Music: MP3, Cleanup: Water and Soap, ])
71,3,0.39226519337016574,ParsCat@2,(Offer  bid:Bid[Food: Chips and Nuts, Drinks: Non-Alcoholic, Location: Ballroom, Invitations: Custom, Printed, Music: MP3, Cleanup: Specialized Materials, ])
72,1,0.39779005524861877,Agent@0,(Offer  bid:Bid[Food: Chips and Nuts, Drinks: Beer Only, Location: Party Room, Invitations: Custom, Handmade, Music: DJ, Cleanup: Specialized Materials, ])
72,2,0.39779005524861877,Caduceus@1,(Offer  bid:Bid[Food: Catering, Drinks: Handmade Cocktails, Location: Party Room, Invitations: Custom, Printed, Music: MP3, Cleanup: Water and Soap, ])
72,3,0.39779005524861877,ParsCat@2,(Offer  bid:Bid[Food: Chips and Nuts, Drinks: Handmade Cocktails, Location: Ballroom, Invitations: Plain, Music: MP3, Cleanup: Special Equiment, ])
73,1,0.40331491712707185,Agent@0,(Offer  bid:Bid[Food: Chips and Nuts, Drinks: Beer Only, Location: Party Room, Invitations: Custom, Handmade, Music: DJ, Cleanup: Specialized Materials, ])
73,2,0.40331491712707185,Caduceus@1,(Offer  bid:Bid[Food: Catering, Drinks: Handmade Cocktails, Location: Party Room, Invitations: Custom, Printed, Music: MP3, Cleanup: Water and Soap, ])
73,3,0.40331491712707185,ParsCat@2,(Offer  bid:Bid[Food: Chips and Nuts, Drinks: Non-Alcoholic, Location: Ballroom, Invitations: Custom, Printed, Music: DJ, Cleanup: Special Equiment, ])
74,1,0.4088397790055249,Agent@0,(Offer  bid:Bid[Food: Chips and Nuts, Drinks: Beer Only, Location: Party Room, Invitations: Custom, Handmade, Music: DJ, Cleanup: Specialized Materials, ])
74,2,0.4088397790055249,Caduceus@1,(Offer  bid:Bid[Food: Catering, Drinks: Handmade Cocktails, Location: Party Room, Invitations: Custom, Printed, Music: MP3, Cleanup: Water and Soap, ])
74,3,0.4088397790055249,ParsCat@2,(Offer  bid:Bid[Food: Chips and Nuts, Drinks: Handmade Cocktails, Location: Party Tent, Invitations: Custom, Printed, Music: DJ, Cleanup: Hired Help, ])
75,1,0.4143646408839779,Agent@0,(Offer  bid:Bid[Food: Chips and Nuts, Drinks: Beer Only, Location: Party Room, Invitations: Custom, Handmade, Music: DJ, Cleanup: Specialized Materials, ])
75,2,0.4143646408839779,Caduceus@1,(Offer  bid:Bid[Food: Catering, Drinks: Handmade Cocktails, Location: Party Room, Invitations: Custom, Printed, Music: MP3, Cleanup: Water and Soap, ])
75,3,0.4143646408839779,ParsCat@2,(Offer  bid:Bid[Food: Chips and Nuts, Drinks: Non-Alcoholic, Location: Your Dorm, Invitations: Custom, Printed, Music: DJ, Cleanup: Hired Help, ])
76,1,0.4198895027624309,Agent@0,(Offer  bid:Bid[Food: Chips and Nuts, Drinks: Beer Only, Location: Party Room, Invitations: Custom, Handmade, Music: DJ, Cleanup: Specialized Materials, ])
76,2,0.4198895027624309,Caduceus@1,(Offer  bid:Bid[Food: Catering, Drinks: Handmade Cocktails, Location: Party Room, Invitations: Custom, Printed, Music: MP3, Cleanup: Water and Soap, ])
76,3,0.4198895027624309,ParsCat@2,(Offer  bid:Bid[Food: Chips and Nuts, Drinks: Handmade Cocktails, Location: Party Tent, Invitations: Custom, Printed, Music: Band, Cleanup: Specialized Materials, ])
77,1,0.425414364640884,Agent@0,(Offer  bid:Bid[Food: Chips and Nuts, Drinks: Beer Only, Location: Party Room, Invitations: Custom, Handmade, Music: DJ, Cleanup: Specialized Materials, ])
77,2,0.425414364640884,Caduceus@1,(Offer  bid:Bid[Food: Catering, Drinks: Handmade Cocktails, Location: Party Room, Invitations: Custom, Printed, Music: MP3, Cleanup: Water and Soap, ])
77,3,0.425414364640884,ParsCat@2,(Offer  bid:Bid[Food: Finger-Food, Drinks: Handmade Cocktails, Location: Party Tent, Invitations: Plain, Music: Band, Cleanup: Hired Help, ])
78,1,0.430939226519337,Agent@0,(Offer  bid:Bid[Food: Chips and Nuts, Drinks: Beer Only, Location: Party Room, Invitations: Custom, Handmade, Music: DJ, Cleanup: Specialized Materials, ])
78,2,0.430939226519337,Caduceus@1,(Offer  bid:Bid[Food: Catering, Drinks: Handmade Cocktails, Location: Party Room, Invitations: Custom, Printed, Music: MP3, Cleanup: Water and Soap, ])
78,3,0.430939226519337,ParsCat@2,(Offer  bid:Bid[Food: Finger-Food, Drinks: Non-Alcoholic, Location: Party Tent, Invitations: Custom, Printed, Music: Band, Cleanup: Special Equiment, ])
79,1,0.43646408839779005,Agent@0,(Offer  bid:Bid[Food: Chips and Nuts, Drinks: Beer Only, Location: Party Room, Invitations: Custom, Handmade, Music: DJ, Cleanup: Specialized Materials, ])
79,2,0.43646408839779005,Caduceus@1,(Offer  bid:Bid[Food: Catering, Drinks: Handmade Cocktails, Location: Party Room, Invitations: Custom, Printed, Music: MP3, Cleanup: Water and Soap, ])
79,3,0.43646408839779005,ParsCat@2,(Offer  bid:Bid[Food: Chips and Nuts, Drinks: Handmade Cocktails, Location: Your Dorm, Invitations: Photo, Music: Band, Cleanup: Hired Help, ])
80,1,0.4419889502762431,Agent@0,(Offer  bid:Bid[Food: Chips and Nuts, Drinks: Beer Only, Location: Party Room, Invitations: Custom, Handmade, Music: DJ, Cleanup: Specialized Materials, ])
80,2,0.4419889502762431,Caduceus@1,(Offer  bid:Bid[Food: Catering, Drinks: Handmade Cocktails, Location: Party Room, Invitations: Custom, Printed, Music: MP3, Cleanup: Water and Soap, ])
80,3,0.4419889502762431,ParsCat@2,(Offer  bid:Bid[Food: Chips and Nuts, Drinks: Handmade Cocktails, Location: Ballroom, Invitations: Custom, Printed, Music: MP3, Cleanup: Special Equiment, ])
81,1,0.44751381215469616,Agent@0,(Offer  bid:Bid[Food: Chips and Nuts, Drinks: Beer Only, Location: Party Room, Invitations: Custom, Handmade, Music: DJ, Cleanup: Specialized Materials, ])
81,2,0.44751381215469616,Caduceus@1,(Offer  bid:Bid[Food: Catering, Drinks: Handmade Cocktails, Location: Party Room, Invitations: Custom, Printed, Music: MP3, Cleanup: Water and Soap, ])
81,3,0.44751381215469616,ParsCat@2,(Offer  bid:Bid[Food: Finger-Food, Drinks: Non-Alcoholic, Location: Ballroom, Invitations: Photo, Music: MP3, Cleanup: Hired Help, ])
82,1,0.4530386740331492,Agent@0,(Offer  bid:Bid[Food: Chips and Nuts, Drinks: Beer Only, Location: Party Room, Invitations: Custom, Handmade, Music: DJ, Cleanup: Specialized Materials, ])
82,2,0.4530386740331492,Caduceus@1,(Offer  bid:Bid[Food: Catering, Drinks: Handmade Cocktails, Location: Party Room, Invitations: Custom, Printed, Music: MP3, Cleanup: Water and Soap, ])
82,3,0.4530386740331492,ParsCat@2,(Offer  bid:Bid[Food: Chips and Nuts, Drinks: Non-Alcoholic, Location: Party Tent, Invitations: Plain, Music: DJ, Cleanup: Water and Soap, ])
83,1,0.4585635359116022,Agent@0,(Offer  bid:Bid[Food: Chips and Nuts, Drinks: Beer Only, Location: Party Room, Invitations: Custom, Handmade, Music: DJ, Cleanup: Specialized Materials, ])
83,2,0.4585635359116022,Caduceus@1,(Offer  bid:Bid[Food: Catering, Drinks: Handmade Cocktails, Location: Party Room, Invitations: Custom, Printed, Music: MP3, Cleanup: Water and Soap, ])
83,3,0.4585635359116022,ParsCat@2,(Offer  bid:Bid[Food: Chips and Nuts, Drinks: Non-Alcoholic, Location: Your Dorm, Invitations: Custom, Handmade, Music: Band, Cleanup: Specialized Materials, ])
84,1,0.46408839779005523,Agent@0,(Offer  bid:Bid[Food: Chips and Nuts, Drinks: Beer Only, Location: Party Room, Invitations: Custom, Handmade, Music: DJ, Cleanup: Specialized Materials, ])
84,2,0.46408839779005523,Caduceus@1,(Offer  bid:Bid[Food: Catering, Drinks: Handmade Cocktails, Location: Party Room, Invitations: Custom, Printed, Music: MP3, Cleanup: Water and Soap, ])
84,3,0.46408839779005523,ParsCat@2,(Offer  bid:Bid[Food: Finger-Food, Drinks: Non-Alcoholic, Location: Ballroom, Invitations: Custom, Printed, Music: MP3, Cleanup: Hired Help, ])
85,1,0.4696132596685083,Agent@0,(Offer  bid:Bid[Food: Chips and Nuts, Drinks: Beer Only, Location: Party Room, Invitations: Custom, Handmade, Music: DJ, Cleanup: Specialized Materials, ])
85,2,0.4696132596685083,Caduceus@1,(Offer  bid:Bid[Food: Catering, Drinks: Handmade Cocktails, Location: Party Room, Invitations: Custom, Printed, Music: MP3, Cleanup: Water and Soap, ])
85,3,0.4696132596685083,ParsCat@2,(Offer  bid:Bid[Food: Finger-Food, Drinks: Non-Alcoholic, Location: Your Dorm, Invitations: Plain, Music: Band, Cleanup: Hired Help, ])
86,1,0.47513812154696133,Agent@0,(Offer  bid:Bid[Food: Chips and Nuts, Drinks: Beer Only, Location: Party Room, Invitations: Custom, Handmade, Music: DJ, Cleanup: Specialized Materials, ])
86,2,0.47513812154696133,Caduceus@1,(Offer  bid:Bid[Food: Catering, Drinks: Handmade Cocktails, Location: Party Room, Invitations: Custom, Printed, Music: MP3, Cleanup: Water and Soap, ])
86,3,0.47513812154696133,ParsCat@2,(Offer  bid:Bid[Food: Chips and Nuts, Drinks: Handmade Cocktails, Location: Ballroom, Invitations: Custom, Handmade, Music: Band, Cleanup: Special Equiment, ])
87,1,0.48066298342541436,Agent@0,(Offer  bid:Bid[Food: Chips and Nuts, Drinks: Beer Only, Location: Party Room, Invitations: Custom, Handmade, Music: DJ, Cleanup: Specialized Materials, ])
87,2,0.48066298342541436,Caduceus@1,(Offer  bid:Bid[Food: Catering, Drinks: Handmade Cocktails, Location: Party Room, Invitations: Custom, Printed, Music: MP3, Cleanup: Water and Soap, ])
87,3,0.48066298342541436,ParsCat@2,(Offer  bid:Bid[Food: Chips and Nuts, Drinks: Handmade Cocktails, Location: Party Tent, Invitations: Photo, Music: Band, Cleanup: Specialized Materials, ])
88,1,0.4861878453038674,Agent@0,(Offer  bid:Bid[Food: Chips and Nuts, Drinks: Beer Only, Location: Party Room, Invitations: Custom, Handmade, Music: DJ, Cleanup: Specialized Materials, ])
88,2,0.4861878453038674,Caduceus@1,(Offer  bid:Bid[Food: Catering, Drinks: Handmade Cocktails, Location: Party Room, Invitations: Custom, Printed, Music: MP3, Cleanup: Water and Soap, ])
88,3,0.4861878453038674,ParsCat@2,(Offer  bid:Bid[Food: Finger-Food, Drinks: Non-Alcoholic, Location: Your Dorm, Invitations: Custom, Printed, Music: Band, Cleanup: Hired Help, ])
89,1,0.49171270718232046,Agent@0,(Offer  bid:Bid[Food: Chips and Nuts, Drinks: Beer Only, Location: Party Room, Invitations: Custom, Handmade, Music: DJ, Cleanup: Specialized Materials, ])
89,2,0.49171270718232046,Caduceus@1,(Offer  bid:Bid[Food: Catering, Drinks: Handmade Cocktails, Location: Party Room, Invitations: Custom, Printed, Music: MP3, Cleanup: Water and Soap, ])
89,3,0.49171270718232046,ParsCat@2,(Offer  bid:Bid[Food: Chips and Nuts, Drinks: Non-Alcoholic, Location: Ballroom, Invitations: Custom, Handmade, Music: Band, Cleanup: Water and Soap, ])
90,1,0.4972375690607735,Agent@0,(Offer  bid:Bid[Food: Chips and Nuts, Drinks: Beer Only, Location: Party Room, Invitations: Custom, Handmade, Music: DJ, Cleanup: Specialized Materials, ])
90,2,0.4972375690607735,Caduceus@1,(Offer  bid:Bid[Food: Catering, Drinks: Handmade Cocktails, Location: Party Room, Invitations: Custom, Printed, Music: MP3, Cleanup: Water and Soap, ])
90,3,0.4972375690607735,ParsCat@2,(Offer  bid:Bid[Food: Handmade Food, Drinks: Non-Alcoholic, Location: Party Tent, Invitations: Plain, Music: MP3, Cleanup: Hired Help, ])
91,1,0.5027624309392266,Agent@0,(Offer  bid:Bid[Food: Chips and Nuts, Drinks: Beer Only, Location: Party Room, Invitations: Custom, Handmade, Music: DJ, Cleanup: Specialized Materials, ])
91,2,0.5027624309392266,Caduceus@1,(Offer  bid:Bid[Food: Catering, Drinks: Handmade Cocktails, Location: Party Room, Invitations: Custom, Printed, Music: MP3, Cleanup: Water and Soap, ])
91,3,0.5027624309392266,ParsCat@2,(Offer  bid:Bid[Food: Chips and Nuts, Drinks: Catering, Location: Party Tent, Invitations: Plain, Music: Band, Cleanup: Water and Soap, ])
92,1,0.5082872928176796,Agent@0,(Offer  bid:Bid[Food: Chips and Nuts, Drinks: Beer Only, Location: Party Room, Invitations: Custom, Handmade, Music: DJ, Cleanup: Specialized Materials, ])
92,2,0.5082872928176796,Caduceus@1,(Offer  bid:Bid[Food: Catering, Drinks: Handmade Cocktails, Location: Party Room, Invitations: Custom, Printed, Music: MP3, Cleanup: Water and Soap, ])
92,3,0.5082872928176796,ParsCat@2,(Offer  bid:Bid[Food: Finger-Food, Drinks: Non-Alcoholic, Location: Party Tent, Invitations: Custom, Handmade, Music: DJ, Cleanup: Water and Soap, ])
93,1,0.5138121546961326,Agent@0,(Offer  bid:Bid[Food: Chips and Nuts, Drinks: Beer Only, Location: Party Room, Invitations: Custom, Handmade, Music: DJ, Cleanup: Specialized Materials, ])
93,2,0.5138121546961326,Caduceus@1,(Offer  bid:Bid[Food: Catering, Drinks: Handmade Cocktails, Location: Party Room, Invitations: Custom, Printed, Music: MP3, Cleanup: Water and Soap, ])
93,3,0.5138121546961326,ParsCat@2,(Offer  bid:Bid[Food: Handmade Food, Drinks: Non-Alcoholic, Location: Your Dorm, Invitations: Photo, Music: MP3, Cleanup: Hired Help, ])
94,1,0.5193370165745856,Agent@0,(Offer  bid:Bid[Food: Chips and Nuts, Drinks: Beer Only, Location: Party Room, Invitations: Custom, Handmade, Music: DJ, Cleanup: Specialized Materials, ])
94,2,0.5193370165745856,Caduceus@1,(Offer  bid:Bid[Food: Catering, Drinks: Handmade Cocktails, Location: Party Room, Invitations: Custom, Printed, Music: MP3, Cleanup: Water and Soap, ])
94,3,0.5193370165745856,ParsCat@2,(Offer  bid:Bid[Food: Chips and Nuts, Drinks: Catering, Location: Ballroom, Invitations: Plain, Music: Band, Cleanup: Specialized Materials, ])
95,1,0.5248618784530387,Agent@0,(Offer  bid:Bid[Food: Chips and Nuts, Drinks: Beer Only, Location: Party Room, Invitations: Custom, Handmade, Music: DJ, Cleanup: Specialized Materials, ])
95,2,0.5248618784530387,Caduceus@1,(Offer  bid:Bid[Food: Catering, Drinks: Handmade Cocktails, Location: Party Room, Invitations: Custom, Printed, Music: MP3, Cleanup: Water and Soap, ])
95,3,0.5248618784530387,ParsCat@2,(Offer  bid:Bid[Food: Chips and Nuts, Drinks: Catering, Location: Ballroom, Invitations: Plain, Music: MP3, Cleanup: Special Equiment, ])
96,1,0.5303867403314917,Agent@0,(Offer  bid:Bid[Food: Chips and Nuts, Drinks: Beer Only, Location: Party Room, Invitations: Custom, Handmade, Music: DJ, Cleanup: Specialized Materials, ])
96,2,0.5303867403314917,Caduceus@1,(Offer  bid:Bid[Food: Catering, Drinks: Handmade Cocktails, Location: Party Room, Invitations: Custom, Printed, Music: MP3, Cleanup: Water and Soap, ])
96,3,0.5303867403314917,ParsCat@2,(Offer  bid:Bid[Food: Handmade Food, Drinks: Non-Alcoholic, Location: Your Dorm, Invitations: Custom, Printed, Music: Band, Cleanup: Specialized Materials, ])
97,1,0.5359116022099447,Agent@0,(Offer  bid:Bid[Food: Chips and Nuts, Drinks: Beer Only, Location: Party Room, Invitations: Custom, Handmade, Music: DJ, Cleanup: Specialized Materials, ])
97,2,0.5359116022099447,Caduceus@1,(Offer  bid:Bid[Food: Catering, Drinks: Handmade Cocktails, Location: Party Room, Invitations: Custom, Printed, Music: MP3, Cleanup: Water and Soap, ])
97,3,0.5359116022099447,ParsCat@2,(Offer  bid:Bid[Food: Catering, Drinks: Handmade Cocktails, Location: Party Tent, Invitations: Custom, Printed, Music: MP3, Cleanup: Hired Help, ])
98,1,0.5414364640883977,Agent@0,(Offer  bid:Bid[Food: Chips and Nuts, Drinks: Beer Only, Location: Party Room, Invitations: Custom, Handmade, Music: DJ, Cleanup: Specialized Materials, ])
98,2,0.5414364640883977,Caduceus@1,(Offer  bid:Bid[Food: Catering, Drinks: Handmade Cocktails, Location: Party Room, Invitations: Custom, Printed, Music: MP3, Cleanup: Water and Soap, ])
98,3,0.5414364640883977,ParsCat@2,(Offer  bid:Bid[Food: Chips and Nuts, Drinks: Non-Alcoholic, Location: Party Room, Invitations: Plain, Music: DJ, Cleanup: Specialized Materials, ])
99,1,0.5469613259668509,Agent@0,(Offer  bid:Bid[Food: Chips and Nuts, Drinks: Beer Only, Location: Party Room, Invitations: Custom, Handmade, Music: DJ, Cleanup: Specialized Materials, ])
99,2,0.5469613259668509,Caduceus@1,(Offer  bid:Bid[Food: Catering, Drinks: Handmade Cocktails, Location: Party Room, Invitations: Custom, Printed, Music: MP3, Cleanup: Water and Soap, ])
99,3,0.5469613259668509,ParsCat@2,(Offer  bid:Bid[Food: Finger-Food, Drinks: Non-Alcoholic, Location: Your Dorm, Invitations: Custom, Handmade, Music: DJ, Cleanup: Specialized Materials, ])
100,1,0.5524861878453039,Agent@0,(Offer  bid:Bid[Food: Chips and Nuts, Drinks: Beer Only, Location: Party Room, Invitations: Custom, Handmade, Music: DJ, Cleanup: Specialized Materials, ])
100,2,0.5524861878453039,Caduceus@1,(Offer  bid:Bid[Food: Catering, Drinks: Handmade Cocktails, Location: Party Room, Invitations: Custom, Printed, Music: MP3, Cleanup: Water and Soap, ])
100,3,0.5524861878453039,ParsCat@2,(Offer  bid:Bid[Food: Chips and Nuts, Drinks: Catering, Location: Party Tent, Invitations: Plain, Music: Band, Cleanup: Water and Soap, ])
101,1,0.5580110497237569,Agent@0,(Offer  bid:Bid[Food: Chips and Nuts, Drinks: Beer Only, Location: Party Room, Invitations: Custom, Handmade, Music: DJ, Cleanup: Specialized Materials, ])
101,2,0.5580110497237569,Caduceus@1,(Offer  bid:Bid[Food: Catering, Drinks: Handmade Cocktails, Location: Party Room, Invitations: Custom, Printed, Music: MP3, Cleanup: Water and Soap, ])
101,3,0.5580110497237569,ParsCat@2,(Offer  bid:Bid[Food: Finger-Food, Drinks: Handmade Cocktails, Location: Ballroom, Invitations: Custom, Handmade, Music: Band, Cleanup: Specialized Materials, ])
102,1,0.56353591160221,Agent@0,(Offer  bid:Bid[Food: Chips and Nuts, Drinks: Beer Only, Location: Party Room, Invitations: Custom, Handmade, Music: DJ, Cleanup: Specialized Materials, ])
102,2,0.56353591160221,Caduceus@1,(Offer  bid:Bid[Food: Catering, Drinks: Handmade Cocktails, Location: Party Room, Invitations: Custom, Printed, Music: MP3, Cleanup: Water and Soap, ])
102,3,0.56353591160221,ParsCat@2,(Offer  bid:Bid[Food: Handmade Food, Drinks: Non-Alcoholic, Location: Ballroom, Invitations: Photo, Music: Band, Cleanup: Water and Soap, ])
103,1,0.569060773480663,Agent@0,(Offer  bid:Bid[Food: Chips and Nuts, Drinks: Beer Only, Location: Party Room, Invitations: Custom, Handmade, Music: DJ, Cleanup: Specialized Materials, ])
103,2,0.569060773480663,Caduceus@1,(Offer  bid:Bid[Food: Catering, Drinks: Handmade Cocktails, Location: Party Room, Invitations: Custom, Printed, Music: MP3, Cleanup: Water and Soap, ])
103,3,0.569060773480663,ParsCat@2,(Offer  bid:Bid[Food: Chips and Nuts, Drinks: Catering, Location: Party Tent, Invitations: Plain, Music: Band, Cleanup: Water and Soap, ])
104,1,0.574585635359116,Agent@0,(Offer  bid:Bid[Food: Chips and Nuts, Drinks: Beer Only, Location: Party Room, Invitations: Custom, Handmade, Music: DJ, Cleanup: Specialized Materials, ])
104,2,0.574585635359116,Caduceus@1,(Offer  bid:Bid[Food: Catering, Drinks: Handmade Cocktails, Location: Party Room, Invitations: Custom, Printed, Music: MP3, Cleanup: Water and Soap, ])
104,3,0.574585635359116,ParsCat@2,(Offer  bid:Bid[Food: Handmade Food, Drinks: Non-Alcoholic, Location: Ballroom, Invitations: Custom, Printed, Music: DJ, Cleanup: Specialized Materials, ])
105,1,0.580110497237569,Agent@0,(Offer  bid:Bid[Food: Chips and Nuts, Drinks: Beer Only, Location: Party Room, Invitations: Custom, Handmade, Music: DJ, Cleanup: Specialized Materials, ])
105,2,0.580110497237569,Caduceus@1,(Offer  bid:Bid[Food: Catering, Drinks: Handmade Cocktails, Location: Party Room, Invitations: Custom, Printed, Music: MP3, Cleanup: Water and Soap, ])
105,3,0.580110497237569,ParsCat@2,(Offer  bid:Bid[Food: Chips and Nuts, Drinks: Catering, Location: Party Tent, Invitations: Photo, Music: MP3, Cleanup: Special Equiment, ])
106,1,0.585635359116022,Agent@0,(Offer  bid:Bid[Food: Chips and Nuts, Drinks: Beer Only, Location: Party Room, Invitations: Custom, Handmade, Music: DJ, Cleanup: Specialized Materials, ])
106,2,0.585635359116022,Caduceus@1,(Offer  bid:Bid[Food: Catering, Drinks: Handmade Cocktails, Location: Party Room, Invitations: Custom, Printed, Music: MP3, Cleanup: Water and Soap, ])
106,3,0.585635359116022,ParsCat@2,(Offer  bid:Bid[Food: Catering, Drinks: Non-Alcoholic, Location: Ballroom, Invitations: Photo, Music: DJ, Cleanup: Special Equiment, ])
107,1,0.5911602209944752,Agent@0,(Offer  bid:Bid[Food: Chips and Nuts, Drinks: Beer Only, Location: Party Room, Invitations: Custom, Handmade, Music: DJ, Cleanup: Specialized Materials, ])
107,2,0.5911602209944752,Caduceus@1,(Offer  bid:Bid[Food: Catering, Drinks: Handmade Cocktails, Location: Party Room, Invitations: Custom, Printed, Music: MP3, Cleanup: Water and Soap, ])
107,3,0.5911602209944752,ParsCat@2,(Offer  bid:Bid[Food: Chips and Nuts, Drinks: Handmade Cocktails, Location: Party Room, Invitations: Custom, Printed, Music: MP3, Cleanup: Hired Help, ])
108,1,0.5966850828729282,Agent@0,(Offer  bid:Bid[Food: Chips and Nuts, Drinks: Beer Only, Location: Party Room, Invitations: Custom, Handmade, Music: DJ, Cleanup: Specialized Materials, ])
108,2,0.5966850828729282,Caduceus@1,(Offer  bid:Bid[Food: Catering, Drinks: Handmade Cocktails, Location: Party Room, Invitations: Custom, Printed, Music: MP3, Cleanup: Water and Soap, ])
108,3,0.5966850828729282,ParsCat@2,(Offer  bid:Bid[Food: Chips and Nuts, Drinks: Handmade Cocktails, Location: Party Room, Invitations: Custom, Printed, Music: DJ, Cleanup: Hired Help, ])
109,1,0.6022099447513812,Agent@0,(Offer  bid:Bid[Food: Chips and Nuts, Drinks: Beer Only, Location: Party Room, Invitations: Custom, Handmade, Music: DJ, Cleanup: Specialized Materials, ])
109,2,0.6022099447513812,Caduceus@1,(Offer  bid:Bid[Food: Catering, Drinks: Handmade Cocktails, Location: Party Room, Invitations: Custom, Printed, Music: MP3, Cleanup: Water and Soap, ])
109,3,0.6022099447513812,ParsCat@2,(Offer  bid:Bid[Food: Handmade Food, Drinks: Handmade Cocktails, Location: Your Dorm, Invitations: Photo, Music: Band, Cleanup: Hired Help, ])
110,1,0.6077348066298343,Agent@0,(Offer  bid:Bid[Food: Chips and Nuts, Drinks: Beer Only, Location: Party Room, Invitations: Custom, Handmade, Music: DJ, Cleanup: Specialized Materials, ])
110,2,0.6077348066298343,Caduceus@1,(Offer  bid:Bid[Food: Catering, Drinks: Handmade Cocktails, Location: Party Room, Invitations: Custom, Printed, Music: MP3, Cleanup: Water and Soap, ])
110,3,0.6077348066298343,ParsCat@2,(Offer  bid:Bid[Food: Catering, Drinks: Handmade Cocktails, Location: Party Tent, Invitations: Custom, Printed, Music: MP3, Cleanup: Hired Help, ])
111,1,0.6132596685082873,Agent@0,(Offer  bid:Bid[Food: Chips and Nuts, Drinks: Beer Only, Location: Party Room, Invitations: Custom, Handmade, Music: DJ, Cleanup: Specialized Materials, ])
111,2,0.6132596685082873,Caduceus@1,(Offer  bid:Bid[Food: Catering, Drinks: Handmade Cocktails, Location: Party Room, Invitations: Custom, Printed, Music: MP3, Cleanup: Water and Soap, ])
111,3,0.6132596685082873,ParsCat@2,(Offer  bid:Bid[Food: Finger-Food, Drinks: Catering, Location: Party Tent, Invitations: Plain, Music: Band, Cleanup: Hired Help, ])
112,1,0.6187845303867403,Agent@0,(Offer  bid:Bid[Food: Chips and Nuts, Drinks: Beer Only, Location: Party Room, Invitations: Custom, Handmade, Music: DJ, Cleanup: Specialized Materials, ])
112,2,0.6187845303867403,Caduceus@1,(Offer  bid:Bid[Food: Catering, Drinks: Handmade Cocktails, Location: Party Room, Invitations: Custom, Printed, Music: MP3, Cleanup: Water and Soap, ])
112,3,0.6187845303867403,ParsCat@2,(Offer  bid:Bid[Food: Chips and Nuts, Drinks: Handmade Cocktails, Location: Party Room, Invitations: Custom, Printed, Music: DJ, Cleanup: Hired Help, ])
113,1,0.6243093922651933,Agent@0,(Offer  bid:Bid[Food: Chips and Nuts, Drinks: Beer Only, Location: Party Room, Invitations: Custom, Handmade, Music: DJ, Cleanup: Specialized Materials, ])
113,2,0.6243093922651933,Caduceus@1,(Offer  bid:Bid[Food: Catering, Drinks: Handmade Cocktails, Location: Party Room, Invitations: Custom, Printed, Music: MP3, Cleanup: Water and Soap, ])
113,3,0.6243093922651933,ParsCat@2,(Offer  bid:Bid[Food: Finger-Food, Drinks: Handmade Cocktails, Location: Party Tent, Invitations: Custom, Handmade, Music: Band, Cleanup: Water and Soap, ])
114,1,0.6298342541436464,Agent@0,(Offer  bid:Bid[Food: Chips and Nuts, Drinks: Beer Only, Location: Party Room, Invitations: Custom, Handmade, Music: DJ, Cleanup: Specialized Materials, ])
114,2,0.6298342541436464,Caduceus@1,(Offer  bid:Bid[Food: Catering, Drinks: Handmade Cocktails, Location: Party Room, Invitations: Custom, Printed, Music: MP3, Cleanup: Water and Soap, ])
114,3,0.6298342541436464,ParsCat@2,(Offer  bid:Bid[Food: Chips and Nuts, Drinks: Beer Only, Location: Ballroom, Invitations: Photo, Music: DJ, Cleanup: Hired Help, ])
115,1,0.6353591160220995,Agent@0,(Offer  bid:Bid[Food: Chips and Nuts, Drinks: Beer Only, Location: Party Room, Invitations: Custom, Handmade, Music: DJ, Cleanup: Specialized Materials, ])
115,2,0.6353591160220995,Caduceus@1,(Offer  bid:Bid[Food: Catering, Drinks: Handmade Cocktails, Location: Party Room, Invitations: Custom, Printed, Music: MP3, Cleanup: Water and Soap, ])
115,3,0.6353591160220995,ParsCat@2,(Offer  bid:Bid[Food: Handmade Food, Drinks: Non-Alcoholic, Location: Ballroom, Invitations: Plain, Music: MP3, Cleanup: Water and Soap, ])
116,1,0.6408839779005525,Agent@0,(Offer  bid:Bid[Food: Chips and Nuts, Drinks: Beer Only, Location: Party Room, Invitations: Custom, Handmade, Music: DJ, Cleanup: Specialized Materials, ])
116,2,0.6408839779005525,Caduceus@1,(Offer  bid:Bid[Food: Catering, Drinks: Handmade Cocktails, Location: Party Room, Invitations: Custom, Printed, Music: MP3, Cleanup: Water and Soap, ])
116,3,0.6408839779005525,ParsCat@2,(Offer  bid:Bid[Food: Finger-Food, Drinks: Handmade Cocktails, Location: Party Room, Invitations: Plain, Music: Band, Cleanup: Hired Help, ])
117,1,0.6464088397790055,Agent@0,(Offer  bid:Bid[Food: Chips and Nuts, Drinks: Beer Only, Location: Party Room, Invitations: Custom, Handmade, Music: DJ, Cleanup: Specialized Materials, ])
117,2,0.6464088397790055,Caduceus@1,(Offer  bid:Bid[Food: Catering, Drinks: Handmade Cocktails, Location: Party Room, Invitations: Custom, Printed, Music: MP3, Cleanup: Water and Soap, ])
117,3,0.6464088397790055,ParsCat@2,(Offer  bid:Bid[Food: Handmade Food, Drinks: Handmade Cocktails, Location: Party Tent, Invitations: Plain, Music: DJ, Cleanup: Special Equiment, ])
118,1,0.6519337016574586,Agent@0,(Offer  bid:Bid[Food: Chips and Nuts, Drinks: Beer Only, Location: Party Room, Invitations: Custom, Handmade, Music: DJ, Cleanup: Specialized Materials, ])
118,2,0.6519337016574586,Caduceus@1,(Offer  bid:Bid[Food: Catering, Drinks: Handmade Cocktails, Location: Party Room, Invitations: Custom, Printed, Music: MP3, Cleanup: Water and Soap, ])
118,3,0.6519337016574586,ParsCat@2,(Offer  bid:Bid[Food: Handmade Food, Drinks: Handmade Cocktails, Location: Party Tent, Invitations: Photo, Music: DJ, Cleanup: Hired Help, ])
119,1,0.6574585635359116,Agent@0,(Offer  bid:Bid[Food: Chips and Nuts, Drinks: Beer Only, Location: Party Room, Invitations: Custom, Handmade, Music: DJ, Cleanup: Specialized Materials, ])
119,2,0.6574585635359116,Caduceus@1,(Offer  bid:Bid[Food: Catering, Drinks: Handmade Cocktails, Location: Party Room, Invitations: Custom, Printed, Music: MP3, Cleanup: Water and Soap, ])
119,3,0.6574585635359116,ParsCat@2,(Offer  bid:Bid[Food: Handmade Food, Drinks: Non-Alcoholic, Location: Ballroom, Invitations: Plain, Music: DJ, Cleanup: Specialized Materials, ])
120,1,0.6629834254143646,Agent@0,(Offer  bid:Bid[Food: Chips and Nuts, Drinks: Beer Only, Location: Party Room, Invitations: Custom, Handmade, Music: DJ, Cleanup: Specialized Materials, ])
120,2,0.6629834254143646,Caduceus@1,(Offer  bid:Bid[Food: Catering, Drinks: Handmade Cocktails, Location: Party Room, Invitations: Custom, Printed, Music: MP3, Cleanup: Water and Soap, ])
120,3,0.6629834254143646,ParsCat@2,(Offer  bid:Bid[Food: Handmade Food, Drinks: Handmade Cocktails, Location: Your Dorm, Invitations: Plain, Music: MP3, Cleanup: Special Equiment, ])
121,1,0.6685082872928176,Agent@0,(Offer  bid:Bid[Food: Chips and Nuts, Drinks: Beer Only, Location: Party Room, Invitations: Custom, Handmade, Music: DJ, Cleanup: Specialized Materials, ])
121,2,0.6685082872928176,Caduceus@1,(Offer  bid:Bid[Food: Catering, Drinks: Handmade Cocktails, Location: Party Room, Invitations: Custom, Printed, Music: MP3, Cleanup: Water and Soap, ])
121,3,0.6685082872928176,ParsCat@2,(Offer  bid:Bid[Food: Catering, Drinks: Non-Alcoholic, Location: Your Dorm, Invitations: Custom, Handmade, Music: MP3, Cleanup: Hired Help, ])
122,1,0.6740331491712708,Agent@0,(Offer  bid:Bid[Food: Chips and Nuts, Drinks: Beer Only, Location: Party Room, Invitations: Custom, Handmade, Music: DJ, Cleanup: Specialized Materials, ])
122,2,0.6740331491712708,Caduceus@1,(Offer  bid:Bid[Food: Catering, Drinks: Handmade Cocktails, Location: Party Room, Invitations: Custom, Printed, Music: MP3, Cleanup: Water and Soap, ])
122,3,0.6740331491712708,ParsCat@2,(Offer  bid:Bid[Food: Handmade Food, Drinks: Non-Alcoholic, Location: Your Dorm, Invitations: Custom, Handmade, Music: Band, Cleanup: Specialized Materials, ])
123,1,0.6795580110497238,Agent@0,(Offer  bid:Bid[Food: Chips and Nuts, Drinks: Beer Only, Location: Party Room, Invitations: Custom, Handmade, Music: DJ, Cleanup: Specialized Materials, ])
123,2,0.6795580110497238,Caduceus@1,(Offer  bid:Bid[Food: Catering, Drinks: Handmade Cocktails, Location: Party Room, Invitations: Custom, Printed, Music: MP3, Cleanup: Water and Soap, ])
123,3,0.6795580110497238,ParsCat@2,(Offer  bid:Bid[Food: Chips and Nuts, Drinks: Handmade Cocktails, Location: Party Room, Invitations: Photo, Music: DJ, Cleanup: Hired Help, ])
124,1,0.6850828729281768,Agent@0,(Offer  bid:Bid[Food: Chips and Nuts, Drinks: Beer Only, Location: Party Room, Invitations: Custom, Handmade, Music: DJ, Cleanup: Specialized Materials, ])
124,2,0.6850828729281768,Caduceus@1,(Offer  bid:Bid[Food: Catering, Drinks: Handmade Cocktails, Location: Party Room, Invitations: Custom, Printed, Music: MP3, Cleanup: Water and Soap, ])
124,3,0.6850828729281768,ParsCat@2,(Offer  bid:Bid[Food: Catering, Drinks: Non-Alcoholic, Location: Ballroom, Invitations: Plain, Music: DJ, Cleanup: Specialized Materials, ])
125,1,0.6906077348066298,Agent@0,(Offer  bid:Bid[Food: Chips and Nuts, Drinks: Beer Only, Location: Party Room, Invitations: Custom, Handmade, Music: DJ, Cleanup: Specialized Materials, ])
125,2,0.6906077348066298,Caduceus@1,(Offer  bid:Bid[Food: Catering, Drinks: Handmade Cocktails, Location: Party Room, Invitations: Custom, Printed, Music: MP3, Cleanup: Water and Soap, ])
125,3,0.6906077348066298,ParsCat@2,(Offer  bid:Bid[Food: Handmade Food, Drinks: Non-Alcoholic, Location: Party Tent, Invitations: Custom, Handmade, Music: DJ, Cleanup: Water and Soap, ])
126,1,0.6961325966850829,Agent@0,(Offer  bid:Bid[Food: Chips and Nuts, Drinks: Beer Only, Location: Party Room, Invitations: Custom, Handmade, Music: DJ, Cleanup: Specialized Materials, ])
126,2,0.6961325966850829,Caduceus@1,(Offer  bid:Bid[Food: Catering, Drinks: Handmade Cocktails, Location: Party Room, Invitations: Custom, Printed, Music: MP3, Cleanup: Water and Soap, ])
126,3,0.6961325966850829,ParsCat@2,(Offer  bid:Bid[Food: Finger-Food, Drinks: Handmade Cocktails, Location: Your Dorm, Invitations: Custom, Handmade, Music: Band, Cleanup: Water and Soap, ])
127,1,0.7016574585635359,Agent@0,(Offer  bid:Bid[Food: Chips and Nuts, Drinks: Beer Only, Location: Party Room, Invitations: Custom, Handmade, Music: DJ, Cleanup: Specialized Materials, ])
127,2,0.7016574585635359,Caduceus@1,(Offer  bid:Bid[Food: Catering, Drinks: Handmade Cocktails, Location: Party Room, Invitations: Custom, Printed, Music: MP3, Cleanup: Water and Soap, ])
127,3,0.7016574585635359,ParsCat@2,(Offer  bid:Bid[Food: Handmade Food, Drinks: Handmade Cocktails, Location: Your Dorm, Invitations: Photo, Music: MP3, Cleanup: Hired Help, ])
128,1,0.7071823204419889,Agent@0,(Offer  bid:Bid[Food: Chips and Nuts, Drinks: Beer Only, Location: Party Room, Invitations: Custom, Handmade, Music: DJ, Cleanup: Specialized Materials, ])
128,2,0.7071823204419889,Caduceus@1,(Offer  bid:Bid[Food: Catering, Drinks: Handmade Cocktails, Location: Party Room, Invitations: Custom, Printed, Music: MP3, Cleanup: Water and Soap, ])
128,3,0.7071823204419889,ParsCat@2,(Offer  bid:Bid[Food: Handmade Food, Drinks: Handmade Cocktails, Location: Ballroom, Invitations: Plain, Music: DJ, Cleanup: Special Equiment, ])
129,1,0.712707182320442,Agent@0,(Offer  bid:Bid[Food: Chips and Nuts, Drinks: Beer Only, Location: Party Room, Invitations: Custom, Handmade, Music: DJ, Cleanup: Specialized Materials, ])
129,2,0.712707182320442,Caduceus@1,(Offer  bid:Bid[Food: Catering, Drinks: Handmade Cocktails, Location: Party Room, Invitations: Custom, Printed, Music: MP3, Cleanup: Water and Soap, ])
129,3,0.712707182320442,ParsCat@2,(Offer  bid:Bid[Food: Finger-Food, Drinks: Beer Only, Location: Party Tent, Invitations: Plain, Music: MP3, Cleanup: Hired Help, ])
130,1,0.7182320441988951,Agent@0,(Offer  bid:Bid[Food: Chips and Nuts, Drinks: Beer Only, Location: Party Room, Invitations: Custom, Handmade, Music: DJ, Cleanup: Specialized Materials, ])
130,2,0.7182320441988951,Caduceus@1,(Offer  bid:Bid[Food: Catering, Drinks: Handmade Cocktails, Location: Party Room, Invitations: Custom, Printed, Music: MP3, Cleanup: Water and Soap, ])
130,3,0.7182320441988951,ParsCat@2,(Offer  bid:Bid[Food: Handmade Food, Drinks: Handmade Cocktails, Location: Ballroom, Invitations: Custom, Handmade, Music: Band, Cleanup: Specialized Materials, ])
131,1,0.7237569060773481,Agent@0,(Offer  bid:Bid[Food: Chips and Nuts, Drinks: Beer Only, Location: Party Room, Invitations: Custom, Handmade, Music: DJ, Cleanup: Specialized Materials, ])
131,2,0.7237569060773481,Caduceus@1,(Offer  bid:Bid[Food: Catering, Drinks: Handmade Cocktails, Location: Party Room, Invitations: Custom, Printed, Music: MP3, Cleanup: Water and Soap, ])
131,3,0.7237569060773481,ParsCat@2,(Offer  bid:Bid[Food: Finger-Food, Drinks: Beer Only, Location: Party Tent, Invitations: Photo, Music: MP3, Cleanup: Hired Help, ])
132,1,0.7292817679558011,Agent@0,(Offer  bid:Bid[Food: Chips and Nuts, Drinks: Beer Only, Location: Party Room, Invitations: Custom, Handmade, Music: DJ, Cleanup: Specialized Materials, ])
132,2,0.7292817679558011,Caduceus@1,(Offer  bid:Bid[Food: Catering, Drinks: Handmade Cocktails, Location: Party Room, Invitations: Custom, Printed, Music: MP3, Cleanup: Water and Soap, ])
132,3,0.7292817679558011,ParsCat@2,(Offer  bid:Bid[Food: Catering, Drinks: Non-Alcoholic, Location: Your Dorm, Invitations: Plain, Music: Band, Cleanup: Water and Soap, ])
133,1,0.7348066298342542,Agent@0,(Offer  bid:Bid[Food: Chips and Nuts, Drinks: Beer Only, Location: Party Room, Invitations: Custom, Handmade, Music: DJ, Cleanup: Specialized Materials, ])
133,2,0.7348066298342542,Caduceus@1,(Offer  bid:Bid[Food: Catering, Drinks: Handmade Cocktails, Location: Party Room, Invitations: Custom, Printed, Music: MP3, Cleanup: Water and Soap, ])
133,3,0.7348066298342542,ParsCat@2,(Offer  bid:Bid[Food: Chips and Nuts, Drinks: Beer Only, Location: Ballroom, Invitations: Custom, Printed, Music: Band, Cleanup: Water and Soap, ])
134,1,0.7403314917127072,Agent@0,(Offer  bid:Bid[Food: Chips and Nuts, Drinks: Beer Only, Location: Party Room, Invitations: Custom, Handmade, Music: DJ, Cleanup: Specialized Materials, ])
134,2,0.7403314917127072,Caduceus@1,(Offer  bid:Bid[Food: Catering, Drinks: Handmade Cocktails, Location: Party Room, Invitations: Custom, Printed, Music: MP3, Cleanup: Water and Soap, ])
134,3,0.7403314917127072,ParsCat@2,(Offer  bid:Bid[Food: Finger-Food, Drinks: Non-Alcoholic, Location: Party Room, Invitations: Custom, Handmade, Music: MP3, Cleanup: Special Equiment, ])
135,1,0.7458563535911602,Agent@0,(Offer  bid:Bid[Food: Chips and Nuts, Drinks: Beer Only, Location: Party Room, Invitations: Custom, Handmade, Music: DJ, Cleanup: Specialized Materials, ])
135,2,0.7458563535911602,Caduceus@1,(Offer  bid:Bid[Food: Catering, Drinks: Handmade Cocktails, Location: Party Room, Invitations: Custom, Printed, Music: MP3, Cleanup: Water and Soap, ])
135,3,0.7458563535911602,ParsCat@2,(Offer  bid:Bid[Food: Handmade Food, Drinks: Handmade Cocktails, Location: Your Dorm, Invitations: Custom, Handmade, Music: MP3, Cleanup: Special Equiment, ])
136,1,0.7513812154696132,Agent@0,(Offer  bid:Bid[Food: Chips and Nuts, Drinks: Beer Only, Location: Party Room, Invitations: Custom, Handmade, Music: DJ, Cleanup: Specialized Materials, ])
136,2,0.7513812154696132,Caduceus@1,(Offer  bid:Bid[Food: Catering, Drinks: Handmade Cocktails, Location: Party Room, Invitations: Custom, Printed, Music: MP3, Cleanup: Water and Soap, ])
136,3,0.7513812154696132,ParsCat@2,(Offer  bid:Bid[Food: Finger-Food, Drinks: Non-Alcoholic, Location: Party Room, Invitations: Plain, Music: MP3, Cleanup: Specialized Materials, ])
137,1,0.7569060773480663,Agent@0,(Offer  bid:Bid[Food: Chips and Nuts, Drinks: Beer Only, Location: Party Room, Invitations: Custom, Handmade, Music: DJ, Cleanup: Specialized Materials, ])
137,2,0.7569060773480663,Caduceus@1,(Offer  bid:Bid[Food: Catering, Drinks: Handmade Cocktails, Location: Party Room, Invitations: Custom, Printed, Music: MP3, Cleanup: Water and Soap, ])
137,3,0.7569060773480663,ParsCat@2,(Offer  bid:Bid[Food: Chips and Nuts, Drinks: Handmade Cocktails, Location: Party Room, Invitations: Custom, Printed, Music: Band, Cleanup: Water and Soap, ])
138,1,0.7624309392265194,Agent@0,(Offer  bid:Bid[Food: Chips and Nuts, Drinks: Beer Only, Location: Party Room, Invitations: Custom, Handmade, Music: DJ, Cleanup: Specialized Materials, ])
138,2,0.7624309392265194,Caduceus@1,(Offer  bid:Bid[Food: Catering, Drinks: Handmade Cocktails, Location: Party Room, Invitations: Custom, Printed, Music: MP3, Cleanup: Water and Soap, ])
138,3,0.7624309392265194,ParsCat@2,(Offer  bid:Bid[Food: Finger-Food, Drinks: Non-Alcoholic, Location: Your Dorm, Invitations: Custom, Handmade, Music: DJ, Cleanup: Water and Soap, ])
139,1,0.7679558011049724,Agent@0,(Offer  bid:Bid[Food: Chips and Nuts, Drinks: Beer Only, Location: Party Room, Invitations: Custom, Handmade, Music: DJ, Cleanup: Specialized Materials, ])
139,2,0.7679558011049724,Caduceus@1,(Offer  bid:Bid[Food: Catering, Drinks: Handmade Cocktails, Location: Party Room, Invitations: Custom, Printed, Music: MP3, Cleanup: Water and Soap, ])
139,3,0.7679558011049724,ParsCat@2,(Offer  bid:Bid[Food: Handmade Food, Drinks: Non-Alcoholic, Location: Your Dorm, Invitations: Custom, Printed, Music: Band, Cleanup: Water and Soap, ])
140,1,0.7734806629834254,Agent@0,(Offer  bid:Bid[Food: Chips and Nuts, Drinks: Beer Only, Location: Party Room, Invitations: Custom, Handmade, Music: DJ, Cleanup: Specialized Materials, ])
140,2,0.7734806629834254,Caduceus@1,(Offer  bid:Bid[Food: Catering, Drinks: Handmade Cocktails, Location: Party Room, Invitations: Custom, Printed, Music: MP3, Cleanup: Water and Soap, ])
140,3,0.7734806629834254,ParsCat@2,(Offer  bid:Bid[Food: Chips and Nuts, Drinks: Catering, Location: Ballroom, Invitations: Photo, Music: MP3, Cleanup: Specialized Materials, ])
141,1,0.7790055248618785,Agent@0,(Offer  bid:Bid[Food: Chips and Nuts, Drinks: Beer Only, Location: Party Room, Invitations: Custom, Handmade, Music: DJ, Cleanup: Specialized Materials, ])
141,2,0.7790055248618785,Caduceus@1,(Offer  bid:Bid[Food: Catering, Drinks: Handmade Cocktails, Location: Party Room, Invitations: Custom, Printed, Music: MP3, Cleanup: Water and Soap, ])
141,3,0.7790055248618785,ParsCat@2,(Offer  bid:Bid[Food: Finger-Food, Drinks: Non-Alcoholic, Location: Your Dorm, Invitations: Photo, Music: DJ, Cleanup: Water and Soap, ])
142,1,0.7845303867403315,Agent@0,(Offer  bid:Bid[Food: Chips and Nuts, Drinks: Beer Only, Location: Party Room, Invitations: Custom, Handmade, Music: DJ, Cleanup: Specialized Materials, ])
142,2,0.7845303867403315,Caduceus@1,(Offer  bid:Bid[Food: Catering, Drinks: Handmade Cocktails, Location: Party Room, Invitations: Custom, Printed, Music: MP3, Cleanup: Water and Soap, ])
142,3,0.7845303867403315,ParsCat@2,(Offer  bid:Bid[Food: Chips and Nuts, Drinks: Beer Only, Location: Your Dorm, Invitations: Plain, Music: MP3, Cleanup: Specialized Materials, ])
143,1,0.7900552486187845,Agent@0,(Offer  bid:Bid[Food: Chips and Nuts, Drinks: Beer Only, Location: Party Room, Invitations: Custom, Handmade, Music: DJ, Cleanup: Specialized Materials, ])
143,2,0.7900552486187845,Caduceus@1,(Offer  bid:Bid[Food: Catering, Drinks: Handmade Cocktails, Location: Party Room, Invitations: Custom, Printed, Music: MP3, Cleanup: Water and Soap, ])
143,3,0.7900552486187845,ParsCat@2,(Offer  bid:Bid[Food: Chips and Nuts, Drinks: Beer Only, Location: Party Tent, Invitations: Plain, Music: DJ, Cleanup: Specialized Materials, ])
144,1,0.7955801104972375,Agent@0,(Offer  bid:Bid[Food: Chips and Nuts, Drinks: Beer Only, Location: Party Room, Invitations: Custom, Handmade, Music: DJ, Cleanup: Specialized Materials, ])
144,2,0.7955801104972375,Caduceus@1,(Offer  bid:Bid[Food: Catering, Drinks: Handmade Cocktails, Location: Party Room, Invitations: Custom, Printed, Music: MP3, Cleanup: Water and Soap, ])
144,3,0.7955801104972375,ParsCat@2,(Offer  bid:Bid[Food: Handmade Food, Drinks: Handmade Cocktails, Location: Ballroom, Invitations: Custom, Handmade, Music: DJ, Cleanup: Special Equiment, ])
145,1,0.8011049723756906,Agent@0,(Accept  bid:Bid[Food: Handmade Food, Drinks: Handmade Cocktails, Location: Ballroom, Invitations: Custom, Handmade, Music: DJ, Cleanup: Special Equiment, ])
145,2,0.8011049723756906,Caduceus@1,(Offer  bid:Bid[Food: Catering, Drinks: Handmade Cocktails, Location: Party Room, Invitations: Custom, Printed, Music: MP3, Cleanup: Water and Soap, ])
145,3,0.8011049723756906,ParsCat@2,(Offer  bid:Bid[Food: Finger-Food, Drinks: Non-Alcoholic, Location: Your Dorm, Invitations: Photo, Music: Band, Cleanup: Hired Help, ])
146,1,0.8066298342541437,Agent@0,(Offer  bid:Bid[Food: Handmade Food, Drinks: Handmade Cocktails, Location: Ballroom, Invitations: Custom, Handmade, Music: DJ, Cleanup: Special Equiment, ])
146,2,0.8066298342541437,Caduceus@1,(Offer  bid:Bid[Food: Catering, Drinks: Handmade Cocktails, Location: Party Room, Invitations: Custom, Printed, Music: MP3, Cleanup: Water and Soap, ])
146,3,0.8066298342541437,ParsCat@2,(Offer  bid:Bid[Food: Chips and Nuts, Drinks: Non-Alcoholic, Location: Ballroom, Invitations: Custom, Handmade, Music: DJ, Cleanup: Specialized Materials, ])
147,1,0.8121546961325967,Agent@0,(Accept  bid:Bid[Food: Chips and Nuts, Drinks: Non-Alcoholic, Location: Ballroom, Invitations: Custom, Handmade, Music: DJ, Cleanup: Specialized Materials, ])
147,2,0.8121546961325967,Caduceus@1,(Offer  bid:Bid[Food: Catering, Drinks: Handmade Cocktails, Location: Party Room, Invitations: Custom, Printed, Music: MP3, Cleanup: Water and Soap, ])
147,3,0.8121546961325967,ParsCat@2,(Offer  bid:Bid[Food: Finger-Food, Drinks: Handmade Cocktails, Location: Party Tent, Invitations: Custom, Printed, Music: Band, Cleanup: Special Equiment, ])
148,1,0.8176795580110497,Agent@0,(Offer  bid:Bid[Food: Chips and Nuts, Drinks: Non-Alcoholic, Location: Ballroom, Invitations: Custom, Handmade, Music: DJ, Cleanup: Specialized Materials, ])
148,2,0.8176795580110497,Caduceus@1,(Offer  bid:Bid[Food: Catering, Drinks: Handmade Cocktails, Location: Party Room, Invitations: Custom, Printed, Music: MP3, Cleanup: Water and Soap, ])
148,3,0.8176795580110497,ParsCat@2,(Offer  bid:Bid[Food: Finger-Food, Drinks: Non-Alcoholic, Location: Your Dorm, Invitations: Custom, Printed, Music: MP3, Cleanup: Hired Help, ])
149,1,0.8232044198895028,Agent@0,(Offer  bid:Bid[Food: Finger-Food, Drinks: Handmade Cocktails, Location: Party Tent, Invitations: Custom, Printed, Music: Band, Cleanup: Special Equiment, ])
149,2,0.8232044198895028,Caduceus@1,(Offer  bid:Bid[Food: Catering, Drinks: Handmade Cocktails, Location: Party Room, Invitations: Custom, Printed, Music: MP3, Cleanup: Water and Soap, ])
149,3,0.8232044198895028,ParsCat@2,(Offer  bid:Bid[Food: Chips and Nuts, Drinks: Non-Alcoholic, Location: Ballroom, Invitations: Photo, Music: MP3, Cleanup: Water and Soap, ])
150,1,0.8287292817679558,Agent@0,(Offer  bid:Bid[Food: Finger-Food, Drinks: Non-Alcoholic, Location: Your Dorm, Invitations: Custom, Printed, Music: MP3, Cleanup: Hired Help, ])
150,2,0.8287292817679558,Caduceus@1,(Offer  bid:Bid[Food: Catering, Drinks: Handmade Cocktails, Location: Party Room, Invitations: Custom, Printed, Music: MP3, Cleanup: Water and Soap, ])
150,3,0.8287292817679558,ParsCat@2,(Offer  bid:Bid[Food: Chips and Nuts, Drinks: Non-Alcoholic, Location: Ballroom, Invitations: Custom, Printed, Music: DJ, Cleanup: Specialized Materials, ])
151,1,0.8342541436464088,Agent@0,(Accept  bid:Bid[Food: Chips and Nuts, Drinks: Non-Alcoholic, Location: Ballroom, Invitations: Custom, Printed, Music: DJ, Cleanup: Specialized Materials, ])
151,2,0.8342541436464088,Caduceus@1,(Offer  bid:Bid[Food: Handmade Food, Drinks: Handmade Cocktails, Location: Party Room, Invitations: Custom, Printed, Music: MP3, Cleanup: Water and Soap, ])
151,3,0.8342541436464088,ParsCat@2,(Offer  bid:Bid[Food: Finger-Food, Drinks: Non-Alcoholic, Location: Party Tent, Invitations: Plain, Music: Band, Cleanup: Specialized Materials, ])
152,1,0.8397790055248618,Agent@0,(Offer  bid:Bid[Food: Chips and Nuts, Drinks: Non-Alcoholic, Location: Ballroom, Invitations: Custom, Printed, Music: DJ, Cleanup: Specialized Materials, ])
152,2,0.8397790055248618,Caduceus@1,(Offer  bid:Bid[Food: Catering, Drinks: Handmade Cocktails, Location: Party Room, Invitations: Custom, Printed, Music: MP3, Cleanup: Water and Soap, ])
152,3,0.8397790055248618,ParsCat@2,(Offer  bid:Bid[Food: Handmade Food, Drinks: Non-Alcoholic, Location: Party Tent, Invitations: Photo, Music: Band, Cleanup: Special Equiment, ])
153,1,0.8453038674033149,Agent@0,(Offer  bid:Bid[Food: Finger-Food, Drinks: Non-Alcoholic, Location: Party Tent, Invitations: Plain, Music: Band, Cleanup: Specialized Materials, ])
153,2,0.8453038674033149,Caduceus@1,(Offer  bid:Bid[Food: Finger-Food, Drinks: Handmade Cocktails, Location: Party Room, Invitations: Custom, Printed, Music: MP3, Cleanup: Water and Soap, ])
153,3,0.8453038674033149,ParsCat@2,(Offer  bid:Bid[Food: Finger-Food, Drinks: Non-Alcoholic, Location: Party Tent, Invitations: Custom, Handmade, Music: DJ, Cleanup: Hired Help, ])
154,1,0.850828729281768,Agent@0,(Offer  bid:Bid[Food: Handmade Food, Drinks: Non-Alcoholic, Location: Party Tent, Invitations: Photo, Music: Band, Cleanup: Special Equiment, ])
154,2,0.850828729281768,Caduceus@1,(Offer  bid:Bid[Food: Catering, Drinks: Handmade Cocktails, Location: Party Tent, Invitations: Custom, Printed, Music: MP3, Cleanup: Water and Soap, ])
154,3,0.850828729281768,ParsCat@2,(Offer  bid:Bid[Food: Finger-Food, Drinks: Non-Alcoholic, Location: Ballroom, Invitations: Plain, Music: MP3, Cleanup: Special Equiment, ])
155,1,0.856353591160221,Agent@0,(Offer  bid:Bid[Food: Finger-Food, Drinks: Non-Alcoholic, Location: Party Tent, Invitations: Custom, Handmade, Music: DJ, Cleanup: Hired Help, ])
155,2,0.856353591160221,Caduceus@1,(Offer  bid:Bid[Food: Handmade Food, Drinks: Handmade Cocktails, Location: Party Room, Invitations: Custom, Printed, Music: MP3, Cleanup: Water and Soap, ])
155,3,0.856353591160221,ParsCat@2,(Offer  bid:Bid[Food: Chips and Nuts, Drinks: Handmade Cocktails, Location: Your Dorm, Invitations: Photo, Music: Band, Cleanup: Special Equiment, ])
156,1,0.861878453038674,Agent@0,(Offer  bid:Bid[Food: Finger-Food, Drinks: Non-Alcoholic, Location: Ballroom, Invitations: Plain, Music: MP3, Cleanup: Special Equiment, ])
156,2,0.861878453038674,Caduceus@1,(Offer  bid:Bid[Food: Handmade Food, Drinks: Handmade Cocktails, Location: Party Room, Invitations: Custom, Printed, Music: MP3, Cleanup: Water and Soap, ])
156,3,0.861878453038674,ParsCat@2,(Offer  bid:Bid[Food: Chips and Nuts, Drinks: Handmade Cocktails, Location: Party Tent, Invitations: Photo, Music: DJ, Cleanup: Special Equiment, ])
157,1,0.8674033149171271,Agent@0,(Accept  bid:Bid[Food: Chips and Nuts, Drinks: Handmade Cocktails, Location: Party Tent, Invitations: Photo, Music: DJ, Cleanup: Special Equiment, ])
157,2,0.8674033149171271,Caduceus@1,(Offer  bid:Bid[Food: Finger-Food, Drinks: Handmade Cocktails, Location: Party Room, Invitations: Custom, Printed, Music: MP3, Cleanup: Water and Soap, ])
157,3,0.8674033149171271,ParsCat@2,(Offer  bid:Bid[Food: Chips and Nuts, Drinks: Non-Alcoholic, Location: Your Dorm, Invitations: Photo, Music: DJ, Cleanup: Special Equiment, ])
158,1,0.8729281767955801,Agent@0,(Offer  bid:Bid[Food: Chips and Nuts, Drinks: Handmade Cocktails, Location: Party Tent, Invitations: Photo, Music: DJ, Cleanup: Special Equiment, ])
158,2,0.8729281767955801,Caduceus@1,(Offer  bid:Bid[Food: Catering, Drinks: Handmade Cocktails, Location: Party Tent, Invitations: Custom, Printed, Music: MP3, Cleanup: Water and Soap, ])
158,3,0.8729281767955801,ParsCat@2,(Offer  bid:Bid[Food: Chips and Nuts, Drinks: Handmade Cocktails, Location: Party Tent, Invitations: Photo, Music: Band, Cleanup: Water and Soap, ])
159,1,0.8784530386740331,Agent@0,(Offer  bid:Bid[Food: Chips and Nuts, Drinks: Non-Alcoholic, Location: Your Dorm, Invitations: Photo, Music: DJ, Cleanup: Special Equiment, ])
159,2,0.8784530386740331,Caduceus@1,(Offer  bid:Bid[Food: Catering, Drinks: Handmade Cocktails, Location: Party Room, Invitations: Custom, Printed, Music: Band, Cleanup: Water and Soap, ])
159,3,0.8784530386740331,ParsCat@2,(Offer  bid:Bid[Food: Chips and Nuts, Drinks: Handmade Cocktails, Location: Ballroom, Invitations: Custom, Handmade, Music: MP3, Cleanup: Hired Help, ])
160,1,0.8839779005524862,Agent@0,(Accept  bid:Bid[Food: Chips and Nuts, Drinks: Handmade Cocktails, Location: Ballroom, Invitations: Custom, Handmade, Music: MP3, Cleanup: Hired Help, ])
160,2,0.8839779005524862,Caduceus@1,(Offer  bid:Bid[Food: Chips and Nuts, Drinks: Handmade Cocktails, Location: Party Room, Invitations: Custom, Printed, Music: MP3, Cleanup: Water and Soap, ])
160,3,0.8839779005524862,ParsCat@2,(Offer  bid:Bid[Food: Finger-Food, Drinks: Non-Alcoholic, Location: Ballroom, Invitations: Plain, Music: Band, Cleanup: Special Equiment, ])
161,1,0.8895027624309392,Agent@0,(Offer  bid:Bid[Food: Chips and Nuts, Drinks: Handmade Cocktails, Location: Ballroom, Invitations: Custom, Handmade, Music: MP3, Cleanup: Hired Help, ])
161,2,0.8895027624309392,Caduceus@1,(Offer  bid:Bid[Food: Catering, Drinks: Handmade Cocktails, Location: Your Dorm, Invitations: Custom, Printed, Music: MP3, Cleanup: Water and Soap, ])
161,3,0.8895027624309392,ParsCat@2,(Offer  bid:Bid[Food: Finger-Food, Drinks: Handmade Cocktails, Location: Party Tent, Invitations: Custom, Handmade, Music: Band, Cleanup: Hired Help, ])
162,1,0.8950276243093923,Agent@0,(Offer  bid:Bid[Food: Finger-Food, Drinks: Non-Alcoholic, Location: Ballroom, Invitations: Plain, Music: Band, Cleanup: Special Equiment, ])
162,2,0.8950276243093923,Caduceus@1,(Offer  bid:Bid[Food: Chips and Nuts, Drinks: Handmade Cocktails, Location: Party Room, Invitations: Custom, Printed, Music: MP3, Cleanup: Water and Soap, ])
162,3,0.8950276243093923,ParsCat@2,(Offer  bid:Bid[Food: Chips and Nuts, Drinks: Handmade Cocktails, Location: Ballroom, Invitations: Plain, Music: MP3, Cleanup: Special Equiment, ])
163,1,0.9005524861878453,Agent@0,(Offer  bid:Bid[Food: Finger-Food, Drinks: Handmade Cocktails, Location: Party Tent, Invitations: Custom, Handmade, Music: Band, Cleanup: Hired Help, ])
163,2,0.9005524861878453,Caduceus@1,(Offer  bid:Bid[Food: Catering, Drinks: Handmade Cocktails, Location: Party Room, Invitations: Custom, Printed, Music: MP3, Cleanup: Water and Soap, ])
163,3,0.9005524861878453,ParsCat@2,(Offer  bid:Bid[Food: Chips and Nuts, Drinks: Non-Alcoholic, Location: Party Tent, Invitations: Plain, Music: Band, Cleanup: Special Equiment, ])
164,1,0.9060773480662984,Agent@0,(Offer  bid:Bid[Food: Chips and Nuts, Drinks: Handmade Cocktails, Location: Ballroom, Invitations: Plain, Music: MP3, Cleanup: Special Equiment, ])
164,2,0.9060773480662984,Caduceus@1,(Offer  bid:Bid[Food: Catering, Drinks: Handmade Cocktails, Location: Party Room, Invitations: Custom, Printed, Music: Band, Cleanup: Water and Soap, ])
164,3,0.9060773480662984,ParsCat@2,(Offer  bid:Bid[Food: Chips and Nuts, Drinks: Non-Alcoholic, Location: Party Tent, Invitations: Custom, Handmade, Music: Band, Cleanup: Hired Help, ])
165,1,0.9116022099447514,Agent@0,(Offer  bid:Bid[Food: Chips and Nuts, Drinks: Non-Alcoholic, Location: Party Tent, Invitations: Plain, Music: Band, Cleanup: Special Equiment, ])
165,2,0.9116022099447514,Caduceus@1,(Offer  bid:Bid[Food: Handmade Food, Drinks: Handmade Cocktails, Location: Party Room, Invitations: Custom, Printed, Music: MP3, Cleanup: Water and Soap, ])
165,3,0.9116022099447514,ParsCat@2,(Offer  bid:Bid[Food: Chips and Nuts, Drinks: Non-Alcoholic, Location: Party Tent, Invitations: Plain, Music: Band, Cleanup: Special Equiment, ])
166,1,0.9171270718232044,Agent@0,(Offer  bid:Bid[Food: Chips and Nuts, Drinks: Non-Alcoholic, Location: Party Tent, Invitations: Custom, Handmade, Music: Band, Cleanup: Hired Help, ])
166,2,0.9171270718232044,Caduceus@1,(Offer  bid:Bid[Food: Catering, Drinks: Handmade Cocktails, Location: Party Room, Invitations: Custom, Printed, Music: MP3, Cleanup: Water and Soap, ])
166,3,0.9171270718232044,ParsCat@2,(Offer  bid:Bid[Food: Chips and Nuts, Drinks: Non-Alcoholic, Location: Party Tent, Invitations: Photo, Music: Band, Cleanup: Hired Help, ])
167,1,0.9226519337016574,Agent@0,(Offer  bid:Bid[Food: Chips and Nuts, Drinks: Non-Alcoholic, Location: Party Tent, Invitations: Plain, Music: Band, Cleanup: Special Equiment, ])
167,2,0.9226519337016574,Caduceus@1,(Offer  bid:Bid[Food: Finger-Food, Drinks: Handmade Cocktails, Location: Party Room, Invitations: Custom, Printed, Music: MP3, Cleanup: Water and Soap, ])
167,3,0.9226519337016574,ParsCat@2,(Offer  bid:Bid[Food: Chips and Nuts, Drinks: Non-Alcoholic, Location: Party Tent, Invitations: Photo, Music: Band, Cleanup: Hired Help, ])
168,1,0.9281767955801105,Agent@0,(Offer  bid:Bid[Food: Chips and Nuts, Drinks: Non-Alcoholic, Location: Party Tent, Invitations: Photo, Music: Band, Cleanup: Hired Help, ])
168,2,0.9281767955801105,Caduceus@1,(Offer  bid:Bid[Food: Catering, Drinks: Handmade Cocktails, Location: Party Room, Invitations: Custom, Printed, Music: MP3, Cleanup: Water and Soap, ])
168,3,0.9281767955801105,ParsCat@2,(Offer  bid:Bid[Food: Chips and Nuts, Drinks: Non-Alcoholic, Location: Party Tent, Invitations: Plain, Music: Band, Cleanup: Hired Help, ])
169,1,0.9337016574585635,Agent@0,(Offer  bid:Bid[Food: Chips and Nuts, Drinks: Non-Alcoholic, Location: Party Tent, Invitations: Photo, Music: Band, Cleanup: Hired Help, ])
169,2,0.9337016574585635,Caduceus@1,(Offer  bid:Bid[Food: Finger-Food, Drinks: Handmade Cocktails, Location: Party Room, Invitations: Custom, Printed, Music: MP3, Cleanup: Water and Soap, ])
169,3,0.9337016574585635,ParsCat@2,(Accept  bid:Bid[Food: Finger-Food, Drinks: Handmade Cocktails, Location: Party Room, Invitations: Custom, Printed, Music: MP3, Cleanup: Water and Soap, ])
170,1,0.9392265193370166,Agent@0,(Accept  bid:Bid[Food: Finger-Food, Drinks: Handmade Cocktails, Location: Party Room, Invitations: Custom, Printed, Music: MP3, Cleanup: Water and Soap, ])
agreement,Bid[Food: Finger-Food, Drinks: Handmade Cocktails, Location: Party Room, Invitations: Custom, Printed, Music: MP3, Cleanup: Water and Soap, ],0.7216666666666667,0.9523769815965673,0.6516396056070828
